DROP TABLE IF EXISTS imagenes;
CREATE TABLE imagenes (
  idImagen int NOT NULL AUTO_INCREMENT,
  keyImagen varchar(100) NOT NULL,
  urlImagen text NOT NULL,
  indicadorHabilitado tinyint(1) NOT NULL,
  PRIMARY KEY (idImagen),
  UNIQUE KEY key_UNIQUE (keyImagen)
);
INSERT INTO imagenes VALUES (1,'keypruebauno.jpg','httts://urlprueba',1),(2,'keypruebados.jpg','httts://urlprueba2',1),(3,'b354ab7d-69d1-43ef-81fb-559d523fdaab.png','https://digital-booking-instrumentos.s3.amazonaws.com/b354ab7d-69d1-43ef-81fb-559d523fdaab.png',1),(4,'82ba10a4-cba3-4329-ba65-3befc13722fe.png','https://digital-booking-c3-g7-dev.s3.amazonaws.com/82ba10a4-cba3-4329-ba65-3befc13722fe.png',1),(5,'e0f58b8e-32e1-4e72-883c-5194f23efd8b.png','https://digital-booking-c3-g7-dev.s3.amazonaws.com/e0f58b8e-32e1-4e72-883c-5194f23efd8b.png',1),(6,'eb72c15b-721f-4b53-b79e-fb27e6416445.png','https://digital-booking-c3-g7-dev.s3.amazonaws.com/eb72c15b-721f-4b53-b79e-fb27e6416445.png',1),(7,'bdef3f33-9eff-4380-ba5a-226437317b08.png','https://digital-booking-c3-g7.s3.amazonaws.com/bdef3f33-9eff-4380-ba5a-226437317b08.png',1),(8,'033a14e5-c59a-4d28-ac3b-c16198e756a9.png','https://digital-booking-e7-instrumentos.s3.amazonaws.com/033a14e5-c59a-4d28-ac3b-c16198e756a9.png',0),(9,'2047a8bf-c2ea-4c73-8d11-7258fb2e3b03.png','https://digital-booking-e7-instrumentos.s3.amazonaws.com/2047a8bf-c2ea-4c73-8d11-7258fb2e3b03.png',1),(10,'2eb3f09a-00ef-49fc-bc04-604a48dce638.png','https://digital-booking-e7-instrumentos.s3.amazonaws.com/2eb3f09a-00ef-49fc-bc04-604a48dce638.png',1),(11,'91a2db51-5de3-4d87-8e64-573b5670e9a6.jpg','https://digital-booking-e7-instrumentos.s3.amazonaws.com/91a2db51-5de3-4d87-8e64-573b5670e9a6.jpg',1),(12,'3fa9d110-01e5-415e-b942-3e6951c083b9.jpg','https://digital-booking-e7-instrumentos.s3.amazonaws.com/3fa9d110-01e5-415e-b942-3e6951c083b9.jpg',1),(13,'14bddc09-09f9-4471-b5e4-e8a7a9a7e4b7.jpg','https://digital-booking-e7-instrumentos.s3.amazonaws.com/14bddc09-09f9-4471-b5e4-e8a7a9a7e4b7.jpg',1),(14,'e0a97514-af87-4764-b3d0-cfa2efa04604.jpg','https://digital-booking-e7-instrumentos.s3.amazonaws.com/e0a97514-af87-4764-b3d0-cfa2efa04604.jpg',1),(15,'9b3b7d4c-a2c3-4634-8c15-e1cc8d305e49.png','https://digital-booking-e7-instrumentos.s3.amazonaws.com/9b3b7d4c-a2c3-4634-8c15-e1cc8d305e49.png',1),(16,'b197cc1e-4583-478d-aa80-421ba3e49e90.jpg','https://digital-booking-e7-instrumentos.s3.amazonaws.com/b197cc1e-4583-478d-aa80-421ba3e49e90.jpg',1),(17,'b9ef5ed4-134c-4303-8c5b-92cef69bb9b6.jpg','https://digital-booking-e7-instrumentos.s3.amazonaws.com/b9ef5ed4-134c-4303-8c5b-92cef69bb9b6.jpg',1),(18,'48717037-6a8c-4d17-bf15-72c6c4c4a9f0.jpg','https://digital-booking-e7-instrumentos.s3.amazonaws.com/48717037-6a8c-4d17-bf15-72c6c4c4a9f0.jpg',1),(19,'d7925515-a09d-4257-9333-35d9b1c8017e.jpg','https://digital-booking-e7-instrumentos.s3.amazonaws.com/d7925515-a09d-4257-9333-35d9b1c8017e.jpg',1),(20,'17369845-6271-46e9-8b58-72058a2f99d0.jpg','https://digital-booking-e7-instrumentos.s3.amazonaws.com/17369845-6271-46e9-8b58-72058a2f99d0.jpg',1),(21,'103b0e71-1f3e-40fe-9622-c6e39ef1183f.jpg','https://digital-booking-e7-instrumentos.s3.amazonaws.com/103b0e71-1f3e-40fe-9622-c6e39ef1183f.jpg',1),(22,'1ac741ff-4c06-4f35-a973-51081cf84715.jpg','https://digital-booking-e7-instrumentos.s3.amazonaws.com/1ac741ff-4c06-4f35-a973-51081cf84715.jpg',1),(23,'93f3d0ea-3f2d-4110-b229-639a42c41f87.jpg','https://digital-booking-e7-instrumentos.s3.amazonaws.com/93f3d0ea-3f2d-4110-b229-639a42c41f87.jpg',1),(24,'e6533b08-6d95-4c4b-9c61-2f473e0593f1.jpg','https://digital-booking-e7-instrumentos.s3.amazonaws.com/e6533b08-6d95-4c4b-9c61-2f473e0593f1.jpg',1),(25,'05115616-8b73-45a6-9524-556388cd69e8.jpg','https://digital-booking-e7-instrumentos.s3.amazonaws.com/05115616-8b73-45a6-9524-556388cd69e8.jpg',1),(26,'b440176b-a529-496f-a2dd-b4e0decc4453.jpg','https://digital-booking-e7-instrumentos.s3.amazonaws.com/b440176b-a529-496f-a2dd-b4e0decc4453.jpg',1),(27,'3631c7e9-a720-47fb-8247-cbb59fd59938.jpg','https://digital-booking-e7-instrumentos.s3.amazonaws.com/3631c7e9-a720-47fb-8247-cbb59fd59938.jpg',1),(28,'084785ce-6555-4e36-b9c0-8bb63e24e727.jpeg','https://digital-booking-e7-instrumentos.s3.amazonaws.com/084785ce-6555-4e36-b9c0-8bb63e24e727.jpeg',1),(29,'54980704-b17d-4022-9892-71b7a906104e.jpeg','https://digital-booking-e7-instrumentos.s3.amazonaws.com/54980704-b17d-4022-9892-71b7a906104e.jpeg',1),(30,'52a8b25c-b025-436d-a8f4-ed03563b97e3.jpeg','https://digital-booking-e7-instrumentos.s3.amazonaws.com/52a8b25c-b025-436d-a8f4-ed03563b97e3.jpeg',1),(31,'697a0a41-ef7e-47f7-9c47-5718ed934c32.jpeg','https://digital-booking-e7-instrumentos.s3.amazonaws.com/697a0a41-ef7e-47f7-9c47-5718ed934c32.jpeg',1),(32,'9287dd6d-54e9-45cb-aa6b-f00ec6c12d56.jpg','https://digital-booking-e7-instrumentos.s3.amazonaws.com/9287dd6d-54e9-45cb-aa6b-f00ec6c12d56.jpg',1),(33,'c1cbd4ad-5a0d-4cf3-a374-a1cf3c6005c1.jpg','https://digital-booking-e7-instrumentos.s3.amazonaws.com/c1cbd4ad-5a0d-4cf3-a374-a1cf3c6005c1.jpg',1),(34,'806b34be-05e9-4a2b-9952-04fff204ad22.jpg','https://digital-booking-e7-instrumentos.s3.amazonaws.com/806b34be-05e9-4a2b-9952-04fff204ad22.jpg',1),(35,'61f9cef1-84e9-4f4d-b141-66919e118c55.jpg','https://digital-booking-e7-instrumentos.s3.amazonaws.com/61f9cef1-84e9-4f4d-b141-66919e118c55.jpg',0),(36,'e30ed6c9-5d30-46ee-8258-51360157e608.jpg','https://digital-booking-e7-instrumentos.s3.amazonaws.com/e30ed6c9-5d30-46ee-8258-51360157e608.jpg',0),(37,'5b15c5f1-d469-4cd0-9ca1-cc484d4c1ca5.jpg','https://digital-booking-e7-instrumentos.s3.amazonaws.com/5b15c5f1-d469-4cd0-9ca1-cc484d4c1ca5.jpg',0),(38,'672b3e4a-bed1-481e-b89b-463075e4d637.jpg','https://digital-booking-e7-instrumentos.s3.amazonaws.com/672b3e4a-bed1-481e-b89b-463075e4d637.jpg',0),(39,'888ab50b-1999-42bd-832a-6a8b9b22941d.jpg','https://digital-booking-e7-instrumentos.s3.amazonaws.com/888ab50b-1999-42bd-832a-6a8b9b22941d.jpg',0),(40,'9f895bff-5bce-4b3a-b06e-c912be0777aa.jpg','https://digital-booking-e7-instrumentos.s3.amazonaws.com/9f895bff-5bce-4b3a-b06e-c912be0777aa.jpg',1),(41,'02057cf9-7164-4348-bf09-f3dc825f5e68.jpg','https://digital-booking-e7-instrumentos.s3.amazonaws.com/02057cf9-7164-4348-bf09-f3dc825f5e68.jpg',1),(42,'d9bbe934-648f-4fbd-860c-356d626f0dec.jpg','https://digital-booking-e7-instrumentos.s3.amazonaws.com/d9bbe934-648f-4fbd-860c-356d626f0dec.jpg',1),(43,'8abb7568-92dd-4ff2-a2a7-aa8a984e3ed5.jpg','https://digital-booking-e7-instrumentos.s3.amazonaws.com/8abb7568-92dd-4ff2-a2a7-aa8a984e3ed5.jpg',1),(44,'29711b76-712d-4865-957a-d899667fed42.jpg','https://digital-booking-e7-instrumentos.s3.amazonaws.com/29711b76-712d-4865-957a-d899667fed42.jpg',1),(45,'76f0ccad-b2d6-4ea3-b337-964103261127.jpg','https://digital-booking-e7-instrumentos.s3.amazonaws.com/76f0ccad-b2d6-4ea3-b337-964103261127.jpg',1),(46,'a088a01a-8485-4bcf-a812-3accd3790cfd.jpg','https://digital-booking-e7-instrumentos.s3.amazonaws.com/a088a01a-8485-4bcf-a812-3accd3790cfd.jpg',1),(47,'5b4a0abd-3cbe-4510-8475-ae4f131f4948.jpg','https://digital-booking-e7-instrumentos.s3.amazonaws.com/5b4a0abd-3cbe-4510-8475-ae4f131f4948.jpg',1),(48,'94b5ea15-a00a-44da-8104-23c2a281e680.jpg','https://digital-booking-e7-instrumentos.s3.amazonaws.com/94b5ea15-a00a-44da-8104-23c2a281e680.jpg',1),(49,'7c6a7bc0-fa67-4b36-b593-926066fd1342.jpg','https://digital-booking-e7-instrumentos.s3.amazonaws.com/7c6a7bc0-fa67-4b36-b593-926066fd1342.jpg',1),(50,'de229d0d-284a-41b4-8f6b-583d23205d3a.jpg','https://digital-booking-e7-instrumentos.s3.amazonaws.com/de229d0d-284a-41b4-8f6b-583d23205d3a.jpg',1),(51,'b03256a1-acda-4406-9a22-3249b949d9f4.jpg','https://digital-booking-e7-instrumentos.s3.amazonaws.com/b03256a1-acda-4406-9a22-3249b949d9f4.jpg',1),(52,'b1a24185-c9c3-4deb-9ac7-d94f0457c00d.jpg','https://digital-booking-e7-instrumentos.s3.amazonaws.com/b1a24185-c9c3-4deb-9ac7-d94f0457c00d.jpg',1),(53,'b5fe960e-a1dd-4991-9933-2567d4588040.jpg','https://digital-booking-e7-instrumentos.s3.amazonaws.com/b5fe960e-a1dd-4991-9933-2567d4588040.jpg',1),(54,'0503b683-1c0f-44e0-8233-4a5da8ac19bf.jpg','https://digital-booking-e7-instrumentos.s3.amazonaws.com/0503b683-1c0f-44e0-8233-4a5da8ac19bf.jpg',1),(55,'54c4ba50-f644-44b3-a473-467ce67ecf6f.jpg','https://digital-booking-e7-instrumentos.s3.amazonaws.com/54c4ba50-f644-44b3-a473-467ce67ecf6f.jpg',1),(56,'648d9774-22a8-4d00-94b6-41a9892eb91d.jpg','https://digital-booking-e7-instrumentos.s3.amazonaws.com/648d9774-22a8-4d00-94b6-41a9892eb91d.jpg',1),(57,'81fa4c8e-9862-4d14-89f7-13dfa1d054a7.jpg','https://digital-booking-e7-instrumentos.s3.amazonaws.com/81fa4c8e-9862-4d14-89f7-13dfa1d054a7.jpg',1),(58,'ff224571-a5e2-4303-89fc-a61258d306b2.jpg','https://digital-booking-e7-instrumentos.s3.amazonaws.com/ff224571-a5e2-4303-89fc-a61258d306b2.jpg',1),(59,'4bd00eff-04ec-4692-808c-bbccc9fde9b7.jpg','https://digital-booking-e7-instrumentos.s3.amazonaws.com/4bd00eff-04ec-4692-808c-bbccc9fde9b7.jpg',1),(60,'92ab0866-a4e0-4bfb-b5d3-359315351511.jpg','https://digital-booking-e7-instrumentos.s3.amazonaws.com/92ab0866-a4e0-4bfb-b5d3-359315351511.jpg',1),(61,'caf0e6c9-beaa-4459-8b6c-19556ebd478e.jpg','https://digital-booking-e7-instrumentos.s3.amazonaws.com/caf0e6c9-beaa-4459-8b6c-19556ebd478e.jpg',1),(62,'b4b69394-30d4-46b2-bc99-170807fe5a70.jpg','https://digital-booking-e7-instrumentos.s3.amazonaws.com/b4b69394-30d4-46b2-bc99-170807fe5a70.jpg',1),(63,'27a828c0-647f-4f8f-83c9-d9e2c3a4eb24.jpg','https://digital-booking-e7-instrumentos.s3.amazonaws.com/27a828c0-647f-4f8f-83c9-d9e2c3a4eb24.jpg',1),(64,'b2bba313-ea48-4392-abf8-202455af29ff.jpg','https://digital-booking-e7-instrumentos.s3.amazonaws.com/b2bba313-ea48-4392-abf8-202455af29ff.jpg',1),(65,'5687f06e-66df-4682-9d0b-19ad52149820.jpg','https://digital-booking-e7-instrumentos.s3.amazonaws.com/5687f06e-66df-4682-9d0b-19ad52149820.jpg',1),(66,'72e9eba6-6684-40c4-b700-39bfc47454d9.jpg','https://digital-booking-e7-instrumentos.s3.amazonaws.com/72e9eba6-6684-40c4-b700-39bfc47454d9.jpg',1),(67,'a6a80c18-6666-4e99-9236-d4963e7755f9.jpg','https://digital-booking-e7-instrumentos.s3.amazonaws.com/a6a80c18-6666-4e99-9236-d4963e7755f9.jpg',1),(68,'b3245d6c-349e-48be-b6e6-5989f3e0e371.jpg','https://digital-booking-e7-instrumentos.s3.amazonaws.com/b3245d6c-349e-48be-b6e6-5989f3e0e371.jpg',1),(69,'bc0e0a58-7b4c-4ed2-800d-2b1de0372035.jpg','https://digital-booking-e7-instrumentos.s3.amazonaws.com/bc0e0a58-7b4c-4ed2-800d-2b1de0372035.jpg',1),(70,'8f096e91-6de0-40f2-9c3f-31615f946ac7.jpg','https://digital-booking-e7-instrumentos.s3.amazonaws.com/8f096e91-6de0-40f2-9c3f-31615f946ac7.jpg',1),(71,'6c84e184-9aed-4895-b2f2-2b436f53478e.jpg','https://digital-booking-e7-instrumentos.s3.amazonaws.com/6c84e184-9aed-4895-b2f2-2b436f53478e.jpg',1),(72,'491bcb05-ccc1-4df1-902a-fc6574ba68a0.jpg','https://digital-booking-e7-instrumentos.s3.amazonaws.com/491bcb05-ccc1-4df1-902a-fc6574ba68a0.jpg',1),(73,'2aad2aab-d7a3-4560-bd56-a748c55e1068.jpg','https://digital-booking-e7-instrumentos.s3.amazonaws.com/2aad2aab-d7a3-4560-bd56-a748c55e1068.jpg',1),(74,'99af70c1-4b2a-46f5-875d-be67bf3f9043.jpg','https://digital-booking-e7-instrumentos.s3.amazonaws.com/99af70c1-4b2a-46f5-875d-be67bf3f9043.jpg',1),(75,'08e9cc45-2895-47d9-b531-1a66567b3445.jpg','https://digital-booking-e7-instrumentos.s3.amazonaws.com/08e9cc45-2895-47d9-b531-1a66567b3445.jpg',1),(76,'a9fd58b2-54c6-4087-ad2f-358409ee27df.jpg','https://digital-booking-e7-instrumentos.s3.amazonaws.com/a9fd58b2-54c6-4087-ad2f-358409ee27df.jpg',1),(77,'1762ecdc-6bc9-490e-8eb3-e1ef0fe40600.jpg','https://digital-booking-e7-instrumentos.s3.amazonaws.com/1762ecdc-6bc9-490e-8eb3-e1ef0fe40600.jpg',1),(78,'a295e002-406b-498c-a762-06512bb092cf.jpg','https://digital-booking-e7-instrumentos.s3.amazonaws.com/a295e002-406b-498c-a762-06512bb092cf.jpg',1),(79,'d440b74d-ca4f-4b47-9226-25a6e255de24.jpg','https://digital-booking-e7-instrumentos.s3.amazonaws.com/d440b74d-ca4f-4b47-9226-25a6e255de24.jpg',1),(80,'643218c7-5e7d-4d41-ab1c-964924aabddd.jpg','https://digital-booking-e7-instrumentos.s3.amazonaws.com/643218c7-5e7d-4d41-ab1c-964924aabddd.jpg',1),(81,'bf7e41e2-df2f-48a8-8c8c-75cfd66d6e66.jpg','https://digital-booking-e7-instrumentos.s3.amazonaws.com/bf7e41e2-df2f-48a8-8c8c-75cfd66d6e66.jpg',1),(82,'72693f16-964e-4492-9998-e47042362229.jpg','https://digital-booking-e7-instrumentos.s3.amazonaws.com/72693f16-964e-4492-9998-e47042362229.jpg',1),(83,'ba5b6d2d-cac6-4a94-b440-7edf0122a995.jpg','https://digital-booking-e7-instrumentos.s3.amazonaws.com/ba5b6d2d-cac6-4a94-b440-7edf0122a995.jpg',1),(84,'46f1bd7b-d2c6-43d9-9211-48911550f8e3.jpg','https://digital-booking-e7-instrumentos.s3.amazonaws.com/46f1bd7b-d2c6-43d9-9211-48911550f8e3.jpg',1),(85,'1aa756c1-66cf-499a-bb4f-e50be4c627df.jpg','https://digital-booking-e7-instrumentos.s3.amazonaws.com/1aa756c1-66cf-499a-bb4f-e50be4c627df.jpg',1),(86,'ca061183-f6a6-4fe4-8b99-29133eca1418.jpg','https://digital-booking-e7-instrumentos.s3.amazonaws.com/ca061183-f6a6-4fe4-8b99-29133eca1418.jpg',1),(87,'10627b00-25df-4b75-b7c3-6985415229c6.jpg','https://digital-booking-e7-instrumentos.s3.amazonaws.com/10627b00-25df-4b75-b7c3-6985415229c6.jpg',1),(88,'4ae2c7d4-a91d-43b6-bc5d-a63f022d1cf5.jpg','https://digital-booking-e7-instrumentos.s3.amazonaws.com/4ae2c7d4-a91d-43b6-bc5d-a63f022d1cf5.jpg',1),(89,'c9d96973-584d-4fce-aac7-bea756b39883.jpg','https://digital-booking-e7-instrumentos.s3.amazonaws.com/c9d96973-584d-4fce-aac7-bea756b39883.jpg',1),(90,'4d694f63-7982-43e3-add3-f0248b7636f1.jpg','https://digital-booking-e7-instrumentos.s3.amazonaws.com/4d694f63-7982-43e3-add3-f0248b7636f1.jpg',1),(91,'2dbf8444-a0c3-4a06-946d-768e68aee039.jpg','https://digital-booking-e7-instrumentos.s3.amazonaws.com/2dbf8444-a0c3-4a06-946d-768e68aee039.jpg',1),(92,'9d105545-5f45-4bd7-b24b-6a6c871434bd.jpg','https://digital-booking-e7-instrumentos.s3.amazonaws.com/9d105545-5f45-4bd7-b24b-6a6c871434bd.jpg',1),(93,'647d9af5-870b-4022-8504-d2e280c2f770.jpg','https://digital-booking-e7-instrumentos.s3.amazonaws.com/647d9af5-870b-4022-8504-d2e280c2f770.jpg',1),(94,'92a18ca6-b7bd-4f5f-b8ff-85ff82c8a6f8.jpg','https://digital-booking-e7-instrumentos.s3.amazonaws.com/92a18ca6-b7bd-4f5f-b8ff-85ff82c8a6f8.jpg',1),(95,'f4e728af-8e5d-49a5-93e1-637aebf086bc.jpg','https://digital-booking-e7-instrumentos.s3.amazonaws.com/f4e728af-8e5d-49a5-93e1-637aebf086bc.jpg',1),(96,'e94f724b-ffdc-4a6f-96c1-855c62de2356.jpg','https://digital-booking-e7-instrumentos.s3.amazonaws.com/e94f724b-ffdc-4a6f-96c1-855c62de2356.jpg',1),(97,'eb9aa108-607f-42ff-be9e-fc7959ee8bc9.jpg','https://digital-booking-e7-instrumentos.s3.amazonaws.com/eb9aa108-607f-42ff-be9e-fc7959ee8bc9.jpg',1),(98,'751d7317-5c71-45a6-b96a-aecd697624b1.jpg','https://digital-booking-e7-instrumentos.s3.amazonaws.com/751d7317-5c71-45a6-b96a-aecd697624b1.jpg',1),(99,'196c45d1-3c9c-4a70-aa6a-de7e77d250e4.jpg','https://digital-booking-e7-instrumentos.s3.amazonaws.com/196c45d1-3c9c-4a70-aa6a-de7e77d250e4.jpg',1),(100,'d7b080a4-33fd-4cb5-9fa5-06dc8d2c7306.jpg','https://digital-booking-e7-instrumentos.s3.amazonaws.com/d7b080a4-33fd-4cb5-9fa5-06dc8d2c7306.jpg',1),(101,'2205c908-6832-4b8d-b1c3-5cb9c217f76a.jpg','https://digital-booking-e7-instrumentos.s3.amazonaws.com/2205c908-6832-4b8d-b1c3-5cb9c217f76a.jpg',1),(102,'fcc22d7f-02c4-49a8-b4d1-7aec83ae39e4.jpg','https://digital-booking-e7-instrumentos.s3.amazonaws.com/fcc22d7f-02c4-49a8-b4d1-7aec83ae39e4.jpg',1),(103,'3b3a5be0-55cf-4742-85e1-4cf954261087.jpg','https://digital-booking-e7-instrumentos.s3.amazonaws.com/3b3a5be0-55cf-4742-85e1-4cf954261087.jpg',1),(104,'60e0ed62-913d-49d3-9366-25f1a625a0f3.jpg','https://digital-booking-e7-instrumentos.s3.amazonaws.com/60e0ed62-913d-49d3-9366-25f1a625a0f3.jpg',1),(105,'44db17d8-eab1-489d-8ee6-6bc84d80f18f.jpg','https://digital-booking-e7-instrumentos.s3.amazonaws.com/44db17d8-eab1-489d-8ee6-6bc84d80f18f.jpg',1),(106,'657f5254-966f-4f16-a282-3050de1a4892.jpg','https://digital-booking-e7-instrumentos.s3.amazonaws.com/657f5254-966f-4f16-a282-3050de1a4892.jpg',1),(107,'04f1f119-89aa-43e1-b9fe-71dbf3e3f8f5.jpg','https://digital-booking-e7-instrumentos.s3.amazonaws.com/04f1f119-89aa-43e1-b9fe-71dbf3e3f8f5.jpg',1),(108,'d9e82081-cb53-4c48-83f5-41d154489b23.jpg','https://digital-booking-e7-instrumentos.s3.amazonaws.com/d9e82081-cb53-4c48-83f5-41d154489b23.jpg',1),(109,'85270295-0ca7-45e2-8c5d-a5bfb6873cc5.jpg','https://digital-booking-e7-instrumentos.s3.amazonaws.com/85270295-0ca7-45e2-8c5d-a5bfb6873cc5.jpg',1),(110,'24afee14-da7a-47ec-92cb-c6db7ff42e91.jpg','https://digital-booking-e7-instrumentos.s3.amazonaws.com/24afee14-da7a-47ec-92cb-c6db7ff42e91.jpg',1),(111,'0317e207-8163-4240-aa76-ed21670acda1.jpg','https://digital-booking-e7-instrumentos.s3.amazonaws.com/0317e207-8163-4240-aa76-ed21670acda1.jpg',1),(112,'c0fcf65b-b26e-4d34-b86f-89e6844c94db.jpg','https://digital-booking-e7-instrumentos.s3.amazonaws.com/c0fcf65b-b26e-4d34-b86f-89e6844c94db.jpg',1),(113,'8314a73e-8947-4c6e-aed0-ee1bd20c6822.jpg','https://digital-booking-e7-instrumentos.s3.amazonaws.com/8314a73e-8947-4c6e-aed0-ee1bd20c6822.jpg',1),(114,'d9b5369d-7a64-47a3-a5b0-b039f2e77921.jpg','https://digital-booking-e7-instrumentos.s3.amazonaws.com/d9b5369d-7a64-47a3-a5b0-b039f2e77921.jpg',1),(115,'c21c4b23-bb09-47f9-8d19-9d8c5b9df236.jpg','https://digital-booking-e7-instrumentos.s3.amazonaws.com/c21c4b23-bb09-47f9-8d19-9d8c5b9df236.jpg',1),(116,'b10fbc16-5741-4380-8839-97189e1f9a7a.jpg','https://digital-booking-e7-instrumentos.s3.amazonaws.com/b10fbc16-5741-4380-8839-97189e1f9a7a.jpg',1),(117,'c177cfe7-95ca-4234-8615-00ee91a870e3.jpg','https://digital-booking-e7-instrumentos.s3.amazonaws.com/c177cfe7-95ca-4234-8615-00ee91a870e3.jpg',1),(118,'b0714fca-ea76-4581-ac08-e731f5b1b980.jpg','https://digital-booking-e7-instrumentos.s3.amazonaws.com/b0714fca-ea76-4581-ac08-e731f5b1b980.jpg',1),(119,'294098d1-9343-4c88-b16b-1ac986604611.jpg','https://digital-booking-e7-instrumentos.s3.amazonaws.com/294098d1-9343-4c88-b16b-1ac986604611.jpg',1),(120,'e404f21b-d927-4914-994d-f3af3807b7b1.jpg','https://digital-booking-e7-instrumentos.s3.amazonaws.com/e404f21b-d927-4914-994d-f3af3807b7b1.jpg',1),(121,'78ba4ade-345d-4e15-92ce-5197eaffd8e6.jpg','https://digital-booking-e7-instrumentos.s3.amazonaws.com/78ba4ade-345d-4e15-92ce-5197eaffd8e6.jpg',1),(122,'271fc25c-bca8-471c-bd6a-4fe56c98556d.jpg','https://digital-booking-e7-instrumentos.s3.amazonaws.com/271fc25c-bca8-471c-bd6a-4fe56c98556d.jpg',1),(123,'3376f2a0-a92f-478f-ab7f-d6401fc2a1a5.jpg','https://digital-booking-e7-instrumentos.s3.amazonaws.com/3376f2a0-a92f-478f-ab7f-d6401fc2a1a5.jpg',1),(124,'07880313-c29d-4a86-8e57-1df810e951a9.jpg','https://digital-booking-e7-instrumentos.s3.amazonaws.com/07880313-c29d-4a86-8e57-1df810e951a9.jpg',1),(125,'909f1a56-eadd-401a-967e-af59276370c4.jpg','https://digital-booking-e7-instrumentos.s3.amazonaws.com/909f1a56-eadd-401a-967e-af59276370c4.jpg',1),(126,'19174805-8dfe-417c-98c1-3b5db4258058.jpg','https://digital-booking-e7-instrumentos.s3.amazonaws.com/19174805-8dfe-417c-98c1-3b5db4258058.jpg',1),(127,'aec6046c-5a95-4d52-b9b0-58063792967d.jpg','https://digital-booking-e7-instrumentos.s3.amazonaws.com/aec6046c-5a95-4d52-b9b0-58063792967d.jpg',1),(128,'f2b1d8ef-7ca2-4936-8010-c228bb17c859.jpg','https://digital-booking-e7-instrumentos.s3.amazonaws.com/f2b1d8ef-7ca2-4936-8010-c228bb17c859.jpg',1),(129,'40239a1b-3ec3-4854-a145-863b7113503f.jpg','https://digital-booking-e7-instrumentos.s3.amazonaws.com/40239a1b-3ec3-4854-a145-863b7113503f.jpg',1),(130,'bc83737c-b083-4163-ae9b-66259e303d98.jpg','https://digital-booking-e7-instrumentos.s3.amazonaws.com/bc83737c-b083-4163-ae9b-66259e303d98.jpg',1),(131,'8967a737-6b0e-4032-b48a-47fbc2cd9785.jpg','https://digital-booking-e7-instrumentos.s3.amazonaws.com/8967a737-6b0e-4032-b48a-47fbc2cd9785.jpg',1),(132,'8ce0f48e-acb6-4269-8672-db6cfe326d04.jpg','https://digital-booking-e7-instrumentos.s3.amazonaws.com/8ce0f48e-acb6-4269-8672-db6cfe326d04.jpg',1),(133,'f081f032-eea8-4cf9-a535-0919a09b16df.jpg','https://digital-booking-e7-instrumentos.s3.amazonaws.com/f081f032-eea8-4cf9-a535-0919a09b16df.jpg',1),(134,'1be07c70-8c66-404e-93fb-677039de7091.jpg','https://digital-booking-e7-instrumentos.s3.amazonaws.com/1be07c70-8c66-404e-93fb-677039de7091.jpg',1),(135,'0e198327-3df0-4ff0-a73d-b5f9d7f34378.jpg','https://digital-booking-e7-instrumentos.s3.amazonaws.com/0e198327-3df0-4ff0-a73d-b5f9d7f34378.jpg',1),(136,'edb19a13-df05-4080-8839-31e37a38a189.jpg','https://digital-booking-e7-instrumentos.s3.amazonaws.com/edb19a13-df05-4080-8839-31e37a38a189.jpg',1),(137,'fb4e087f-2300-4745-acad-4ce3b98eed07.jpg','https://digital-booking-e7-instrumentos.s3.amazonaws.com/fb4e087f-2300-4745-acad-4ce3b98eed07.jpg',1),(138,'9857bbbd-b483-4bdf-9615-296b90c6f752.jpg','https://digital-booking-e7-instrumentos.s3.amazonaws.com/9857bbbd-b483-4bdf-9615-296b90c6f752.jpg',1),(139,'b8ba2349-cd82-4a08-aae0-7e0c5673df84.jpg','https://digital-booking-e7-instrumentos.s3.amazonaws.com/b8ba2349-cd82-4a08-aae0-7e0c5673df84.jpg',1),(140,'ef359cc9-e25d-4347-b280-33316bdead74.jpg','https://digital-booking-e7-instrumentos.s3.amazonaws.com/ef359cc9-e25d-4347-b280-33316bdead74.jpg',1),(141,'025530b0-7232-4e2e-a720-fc1b60ca4c6e.jpg','https://digital-booking-e7-instrumentos.s3.amazonaws.com/025530b0-7232-4e2e-a720-fc1b60ca4c6e.jpg',1),(142,'b11537c6-b34a-4c56-988a-6c39b31c9670.jpg','https://digital-booking-e7-instrumentos.s3.amazonaws.com/b11537c6-b34a-4c56-988a-6c39b31c9670.jpg',1),(143,'45e22369-246c-41b6-9835-7f11b455120d.jpg','https://digital-booking-e7-instrumentos.s3.amazonaws.com/45e22369-246c-41b6-9835-7f11b455120d.jpg',1),(144,'62a83402-0073-4e6d-820b-4b012f833a84.jpg','https://digital-booking-e7-instrumentos.s3.amazonaws.com/62a83402-0073-4e6d-820b-4b012f833a84.jpg',1),(145,'6f0ac9bc-cc88-4d3b-a64e-fbade594e028.jpg','https://digital-booking-e7-instrumentos.s3.amazonaws.com/6f0ac9bc-cc88-4d3b-a64e-fbade594e028.jpg',1),(146,'99bb8b76-c9c9-4e7f-8492-15cdc4216766.jpg','https://digital-booking-e7-instrumentos.s3.amazonaws.com/99bb8b76-c9c9-4e7f-8492-15cdc4216766.jpg',1),(147,'0f7cd419-3776-42bc-a795-fe9dbf36a0a4.jpg','https://digital-booking-e7-instrumentos.s3.amazonaws.com/0f7cd419-3776-42bc-a795-fe9dbf36a0a4.jpg',1),(148,'05a2b3cc-b6e8-4574-b30f-4f3df889c2a8.jpg','https://digital-booking-e7-instrumentos.s3.amazonaws.com/05a2b3cc-b6e8-4574-b30f-4f3df889c2a8.jpg',1),(149,'ee8d7e1c-a139-4d02-882e-295b3a9117c2.jpg','https://digital-booking-e7-instrumentos.s3.amazonaws.com/ee8d7e1c-a139-4d02-882e-295b3a9117c2.jpg',1),(150,'88333b7f-2dc4-4c58-8278-24b0c6b1ac97.jpg','https://digital-booking-e7-instrumentos.s3.amazonaws.com/88333b7f-2dc4-4c58-8278-24b0c6b1ac97.jpg',1),(151,'6bd58311-7e9a-47c8-93a9-da10adcf28aa.jpg','https://digital-booking-e7-instrumentos.s3.amazonaws.com/6bd58311-7e9a-47c8-93a9-da10adcf28aa.jpg',1),(152,'3d6f5222-def6-45d7-84a9-3407f96ccd0e.jpg','https://digital-booking-e7-instrumentos.s3.amazonaws.com/3d6f5222-def6-45d7-84a9-3407f96ccd0e.jpg',1),(153,'3b15049e-7215-4d17-b25f-2ddcc532baa4.jpg','https://digital-booking-e7-instrumentos.s3.amazonaws.com/3b15049e-7215-4d17-b25f-2ddcc532baa4.jpg',1),(154,'a03d46d0-7fa4-4f70-b213-b423ca3b4d89.jpg','https://digital-booking-e7-instrumentos.s3.amazonaws.com/a03d46d0-7fa4-4f70-b213-b423ca3b4d89.jpg',1),(155,'e1ebe3a3-6d18-4a96-ac3f-4594b47e49dd.jpg','https://digital-booking-e7-instrumentos.s3.amazonaws.com/e1ebe3a3-6d18-4a96-ac3f-4594b47e49dd.jpg',1),(156,'edf56455-cfa9-4f2c-826b-bc1d3b2323d6.jpg','https://digital-booking-e7-instrumentos.s3.amazonaws.com/edf56455-cfa9-4f2c-826b-bc1d3b2323d6.jpg',1),(157,'2bf75ab5-bdf8-4853-9158-d20205ca5eb9.jpg','https://digital-booking-e7-instrumentos.s3.amazonaws.com/2bf75ab5-bdf8-4853-9158-d20205ca5eb9.jpg',1),(158,'d0abecf9-d61d-45a7-9d73-e9de038b4063.jpg','https://digital-booking-e7-instrumentos.s3.amazonaws.com/d0abecf9-d61d-45a7-9d73-e9de038b4063.jpg',1),(159,'1519f9fd-4ce4-4b1d-9971-61fce7842e0c.jpg','https://digital-booking-e7-instrumentos.s3.amazonaws.com/1519f9fd-4ce4-4b1d-9971-61fce7842e0c.jpg',1),(160,'1f117515-566e-4ed9-b790-0d09c308c26a.jpg','https://digital-booking-e7-instrumentos.s3.amazonaws.com/1f117515-566e-4ed9-b790-0d09c308c26a.jpg',1),(161,'f161c58d-e79d-49c9-ae51-738fbd8ecf8f.jpg','https://digital-booking-e7-instrumentos.s3.amazonaws.com/f161c58d-e79d-49c9-ae51-738fbd8ecf8f.jpg',1),(162,'68bcbe37-74dd-469d-ad98-1acf3519bf8b.jpg','https://digital-booking-e7-instrumentos.s3.amazonaws.com/68bcbe37-74dd-469d-ad98-1acf3519bf8b.jpg',1),(163,'3db8eee5-b24b-4003-b358-92ee193e1de9.jpg','https://digital-booking-e7-instrumentos.s3.amazonaws.com/3db8eee5-b24b-4003-b358-92ee193e1de9.jpg',1),(164,'e3741bbf-fd58-4cc8-8695-59a9bb0d810b.jpg','https://digital-booking-e7-instrumentos.s3.amazonaws.com/e3741bbf-fd58-4cc8-8695-59a9bb0d810b.jpg',1),(165,'d4b5e2ad-31f5-4784-b812-9b848af88b1f.jpg','https://digital-booking-e7-instrumentos.s3.amazonaws.com/d4b5e2ad-31f5-4784-b812-9b848af88b1f.jpg',1),(166,'3ebe03fd-bf80-4797-afca-d3a998af6f46.jpg','https://digital-booking-e7-instrumentos.s3.amazonaws.com/3ebe03fd-bf80-4797-afca-d3a998af6f46.jpg',1),(167,'10423702-64fc-45e1-aca5-f676a3ee38fc.jpg','https://digital-booking-e7-instrumentos.s3.amazonaws.com/10423702-64fc-45e1-aca5-f676a3ee38fc.jpg',1),(168,'ba28d6e2-1f47-494f-9fd6-45af73c572a0.jpg','https://digital-booking-e7-instrumentos.s3.amazonaws.com/ba28d6e2-1f47-494f-9fd6-45af73c572a0.jpg',1),(169,'5efe4e2f-c46b-4424-8a07-855010cb492b.jpg','https://digital-booking-e7-instrumentos.s3.amazonaws.com/5efe4e2f-c46b-4424-8a07-855010cb492b.jpg',1),(170,'9c665814-9770-4d77-b919-cc53f9e7743f.jpg','https://digital-booking-e7-instrumentos.s3.amazonaws.com/9c665814-9770-4d77-b919-cc53f9e7743f.jpg',1),(171,'e929e4cd-6e5f-4a58-94e1-9e084b7aa3fb.jpg','https://digital-booking-e7-instrumentos.s3.amazonaws.com/e929e4cd-6e5f-4a58-94e1-9e084b7aa3fb.jpg',1),(172,'b5e0d15e-6958-4168-9521-1080cb81a15f.jpg','https://digital-booking-e7-instrumentos.s3.amazonaws.com/b5e0d15e-6958-4168-9521-1080cb81a15f.jpg',1),(173,'3dd98383-6c75-4e9e-a7e0-2ee88fa9e802.jpg','https://digital-booking-e7-instrumentos.s3.amazonaws.com/3dd98383-6c75-4e9e-a7e0-2ee88fa9e802.jpg',1),(174,'338df60c-bcab-4457-a6ac-fb239d55b9d3.jpg','https://digital-booking-e7-instrumentos.s3.amazonaws.com/338df60c-bcab-4457-a6ac-fb239d55b9d3.jpg',1),(175,'a399a854-bd28-49ef-92f9-5e8b699c5fbb.jpg','https://digital-booking-e7-instrumentos.s3.amazonaws.com/a399a854-bd28-49ef-92f9-5e8b699c5fbb.jpg',1),(176,'5a9f82ce-4390-427d-a5c2-195ba4c3ba73.jpg','https://digital-booking-e7-instrumentos.s3.amazonaws.com/5a9f82ce-4390-427d-a5c2-195ba4c3ba73.jpg',1),(177,'ee13b8ce-2fd0-4d6a-888a-77f49ba53676.jpg','https://digital-booking-e7-instrumentos.s3.amazonaws.com/ee13b8ce-2fd0-4d6a-888a-77f49ba53676.jpg',1),(178,'2e2a6868-82de-4cad-bf46-7fc8933278ab.jpg','https://digital-booking-e7-instrumentos.s3.amazonaws.com/2e2a6868-82de-4cad-bf46-7fc8933278ab.jpg',1),(179,'fa6fd2d1-5d6c-4650-b377-8a7870800ad9.jpg','https://digital-booking-e7-instrumentos.s3.amazonaws.com/fa6fd2d1-5d6c-4650-b377-8a7870800ad9.jpg',1),(180,'5163c5e9-084b-4c41-bcdd-469740812f2e.jpg','https://digital-booking-e7-instrumentos.s3.amazonaws.com/5163c5e9-084b-4c41-bcdd-469740812f2e.jpg',1),(181,'85ac028f-d047-42b1-bf17-bdf2c65a87d5.jpg','https://digital-booking-e7-instrumentos.s3.amazonaws.com/85ac028f-d047-42b1-bf17-bdf2c65a87d5.jpg',1),(182,'e27eaefa-d683-40f6-9e19-ce0f3a175ba3.jpg','https://digital-booking-e7-instrumentos.s3.amazonaws.com/e27eaefa-d683-40f6-9e19-ce0f3a175ba3.jpg',1),(183,'c4213b81-a81d-4040-a8eb-8cf4151e0537.jpg','https://digital-booking-e7-instrumentos.s3.amazonaws.com/c4213b81-a81d-4040-a8eb-8cf4151e0537.jpg',1),(184,'f726fda4-6a12-4429-aae7-5f922c9995bc.jpg','https://digital-booking-e7-instrumentos.s3.amazonaws.com/f726fda4-6a12-4429-aae7-5f922c9995bc.jpg',1),(185,'9838e95d-be6a-4724-8fde-be8b23bfb235.jpg','https://digital-booking-e7-instrumentos.s3.amazonaws.com/9838e95d-be6a-4724-8fde-be8b23bfb235.jpg',1),(186,'ef429748-515a-4aab-9e90-50b56f6c8833.jpg','https://digital-booking-e7-instrumentos.s3.amazonaws.com/ef429748-515a-4aab-9e90-50b56f6c8833.jpg',1),(187,'ea90e588-8c23-4386-a5e1-d699bc863016.jpg','https://digital-booking-e7-instrumentos.s3.amazonaws.com/ea90e588-8c23-4386-a5e1-d699bc863016.jpg',1),(188,'98a0b8ef-43c3-44e5-ab70-a7d885c3cb16.jpg','https://digital-booking-e7-instrumentos.s3.amazonaws.com/98a0b8ef-43c3-44e5-ab70-a7d885c3cb16.jpg',1),(189,'f2843bc8-51c1-486c-9ba3-1910ed788549.jpg','https://digital-booking-e7-instrumentos.s3.amazonaws.com/f2843bc8-51c1-486c-9ba3-1910ed788549.jpg',1),(190,'0d143812-152c-4993-a5a4-a357c1937420.jpg','https://digital-booking-e7-instrumentos.s3.amazonaws.com/0d143812-152c-4993-a5a4-a357c1937420.jpg',1),(191,'4af67058-ffe1-4ecc-a6f7-48015ac9b989.jpg','https://digital-booking-e7-instrumentos.s3.amazonaws.com/4af67058-ffe1-4ecc-a6f7-48015ac9b989.jpg',1),(192,'e1e9e96b-9167-4de0-9489-bed97d580e62.jpg','https://digital-booking-e7-instrumentos.s3.amazonaws.com/e1e9e96b-9167-4de0-9489-bed97d580e62.jpg',1),(193,'d9728ac3-c804-46b4-896d-169d4b91c96a.jpg','https://digital-booking-e7-instrumentos.s3.amazonaws.com/d9728ac3-c804-46b4-896d-169d4b91c96a.jpg',1),(194,'fb00aeb3-ced7-43dd-b55c-dee07ed25653.jpg','https://digital-booking-e7-instrumentos.s3.amazonaws.com/fb00aeb3-ced7-43dd-b55c-dee07ed25653.jpg',1),(195,'155f68f4-a6df-4fa6-aea4-5defe79c5d77.jpg','https://digital-booking-e7-instrumentos.s3.amazonaws.com/155f68f4-a6df-4fa6-aea4-5defe79c5d77.jpg',1),(196,'1bfab665-8afa-4028-97d6-bb582f91910d.jpg','https://digital-booking-e7-instrumentos.s3.amazonaws.com/1bfab665-8afa-4028-97d6-bb582f91910d.jpg',1),(197,'284c95bc-1bd1-425c-b569-1405afd4dc06.jpg','https://digital-booking-e7-instrumentos.s3.amazonaws.com/284c95bc-1bd1-425c-b569-1405afd4dc06.jpg',1),(198,'7ef77ed4-5bd0-45a4-a7a3-cd7e285663c0.jpg','https://digital-booking-e7-instrumentos.s3.amazonaws.com/7ef77ed4-5bd0-45a4-a7a3-cd7e285663c0.jpg',1),(199,'abe0ef67-a4b1-47bc-adc8-10eceda48fde.jpg','https://digital-booking-e7-instrumentos.s3.amazonaws.com/abe0ef67-a4b1-47bc-adc8-10eceda48fde.jpg',1),(200,'5c45c842-9bc9-491a-8ffe-be6886af88e8.jpg','https://digital-booking-e7-instrumentos.s3.amazonaws.com/5c45c842-9bc9-491a-8ffe-be6886af88e8.jpg',1),(201,'ac8c578c-460f-43fa-bdd5-b0762dfaf5ea.jpg','https://digital-booking-e7-instrumentos.s3.amazonaws.com/ac8c578c-460f-43fa-bdd5-b0762dfaf5ea.jpg',1),(202,'e328425e-56a1-4b3d-8972-44870a872169.jpg','https://digital-booking-e7-instrumentos.s3.amazonaws.com/e328425e-56a1-4b3d-8972-44870a872169.jpg',1),(203,'461d19f7-3078-4939-81b1-4a5afbe83485.jpg','https://digital-booking-e7-instrumentos.s3.amazonaws.com/461d19f7-3078-4939-81b1-4a5afbe83485.jpg',1),(204,'30bb5ddf-f84e-4480-9809-e9e69d3d8885.jpg','https://digital-booking-e7-instrumentos.s3.amazonaws.com/30bb5ddf-f84e-4480-9809-e9e69d3d8885.jpg',1),(205,'a04957ca-862f-4a55-8352-ff855cbc9e14.jpg','https://digital-booking-e7-instrumentos.s3.amazonaws.com/a04957ca-862f-4a55-8352-ff855cbc9e14.jpg',1),(206,'afd65b1a-36d5-4d9d-bae6-b335577e57a2.jpg','https://digital-booking-e7-instrumentos.s3.amazonaws.com/afd65b1a-36d5-4d9d-bae6-b335577e57a2.jpg',1),(207,'8661dd0d-6a2f-461d-a9c5-6c4195f57616.jpg','https://digital-booking-e7-instrumentos.s3.amazonaws.com/8661dd0d-6a2f-461d-a9c5-6c4195f57616.jpg',1),(208,'9fa4b0c4-07ff-463b-a4e2-6f1aa5f10c2b.jpg','https://digital-booking-e7-instrumentos.s3.amazonaws.com/9fa4b0c4-07ff-463b-a4e2-6f1aa5f10c2b.jpg',1),(209,'9ed43856-9e9e-40da-b2c8-602109b08188.jpg','https://digital-booking-e7-instrumentos.s3.amazonaws.com/9ed43856-9e9e-40da-b2c8-602109b08188.jpg',1),(210,'d6f35c65-aa97-4f51-87db-051ec70d5fcf.jpg','https://digital-booking-e7-instrumentos.s3.amazonaws.com/d6f35c65-aa97-4f51-87db-051ec70d5fcf.jpg',1),(211,'d25cde75-d2fb-4096-9804-285aed4e02b2.jpg','https://digital-booking-e7-instrumentos.s3.amazonaws.com/d25cde75-d2fb-4096-9804-285aed4e02b2.jpg',1),(212,'116ed829-3b15-4961-84fd-656202c0ce1d.jpg','https://digital-booking-e7-instrumentos.s3.amazonaws.com/116ed829-3b15-4961-84fd-656202c0ce1d.jpg',1),(213,'a8f1f773-b1ca-44e0-9920-3883e6db12fa.jpg','https://digital-booking-e7-instrumentos.s3.amazonaws.com/a8f1f773-b1ca-44e0-9920-3883e6db12fa.jpg',1),(214,'4a94c4ae-fada-4498-94e8-943478211a02.jpg','https://digital-booking-e7-instrumentos.s3.amazonaws.com/4a94c4ae-fada-4498-94e8-943478211a02.jpg',1),(215,'5010ce29-cb71-4f4c-ab58-50b1f776f6ca.jpg','https://digital-booking-e7-instrumentos.s3.amazonaws.com/5010ce29-cb71-4f4c-ab58-50b1f776f6ca.jpg',1),(216,'01638062-7f59-451c-ae81-a98a05b41756.jpg','https://digital-booking-e7-instrumentos.s3.amazonaws.com/01638062-7f59-451c-ae81-a98a05b41756.jpg',1),(217,'e1da6c24-483c-4d75-9859-4d619f1f1c34.jpg','https://digital-booking-e7-instrumentos.s3.amazonaws.com/e1da6c24-483c-4d75-9859-4d619f1f1c34.jpg',1),(218,'556c9a5f-57d2-4372-a483-930816e5934d.jpg','https://digital-booking-e7-instrumentos.s3.amazonaws.com/556c9a5f-57d2-4372-a483-930816e5934d.jpg',1),(219,'11b9f508-6ed9-4fd1-936e-1bda56986aec.jpg','https://digital-booking-e7-instrumentos.s3.amazonaws.com/11b9f508-6ed9-4fd1-936e-1bda56986aec.jpg',1),(220,'e7e04c6f-b6c6-44ea-a9a1-8a5c33be05e3.jpg','https://digital-booking-e7-instrumentos.s3.amazonaws.com/e7e04c6f-b6c6-44ea-a9a1-8a5c33be05e3.jpg',1),(221,'18c16a99-cd0b-4fb2-b1b0-8bc9e507af90.jpg','https://digital-booking-e7-instrumentos.s3.amazonaws.com/18c16a99-cd0b-4fb2-b1b0-8bc9e507af90.jpg',1),(222,'efe2aadc-7648-41bd-bab0-6cfb5bc8eb06.jpg','https://digital-booking-e7-instrumentos.s3.amazonaws.com/efe2aadc-7648-41bd-bab0-6cfb5bc8eb06.jpg',1),(223,'e644ed4a-0bf9-4814-8584-706b870a0d7f.jpg','https://digital-booking-e7-instrumentos.s3.amazonaws.com/e644ed4a-0bf9-4814-8584-706b870a0d7f.jpg',1),(224,'3e5381c9-3bd6-4f77-af42-e73b0ef6bf69.jpg','https://digital-booking-e7-instrumentos.s3.amazonaws.com/3e5381c9-3bd6-4f77-af42-e73b0ef6bf69.jpg',1),(225,'1564f095-5723-4273-b7fc-57cfebe6df6f.jpg','https://digital-booking-e7-instrumentos.s3.amazonaws.com/1564f095-5723-4273-b7fc-57cfebe6df6f.jpg',1),(226,'bc20ffff-7c84-4c54-881d-b30daba4ba28.jpg','https://digital-booking-e7-instrumentos.s3.amazonaws.com/bc20ffff-7c84-4c54-881d-b30daba4ba28.jpg',1),(227,'205f83c0-6cfb-47ac-8bea-271de2667c61.jpg','https://digital-booking-e7-instrumentos.s3.amazonaws.com/205f83c0-6cfb-47ac-8bea-271de2667c61.jpg',1),(228,'c4ba636d-c2e4-41b8-b096-db040cb0346f.jpg','https://digital-booking-e7-instrumentos.s3.amazonaws.com/c4ba636d-c2e4-41b8-b096-db040cb0346f.jpg',1),(229,'3c9dcab5-768f-41f7-b0b4-7d5522641b30.jpg','https://digital-booking-e7-instrumentos.s3.amazonaws.com/3c9dcab5-768f-41f7-b0b4-7d5522641b30.jpg',1),(230,'5f497350-5825-4707-85fc-daed238718bd.jpg','https://digital-booking-e7-instrumentos.s3.amazonaws.com/5f497350-5825-4707-85fc-daed238718bd.jpg',1),(231,'15066a47-f4c0-4705-9775-1c19b7198388.jpg','https://digital-booking-e7-instrumentos.s3.amazonaws.com/15066a47-f4c0-4705-9775-1c19b7198388.jpg',1),(232,'a92a3baf-d1b1-4981-a5be-e2ff466ca653.jpg','https://digital-booking-e7-instrumentos.s3.amazonaws.com/a92a3baf-d1b1-4981-a5be-e2ff466ca653.jpg',1),(233,'61178b4d-695b-4aec-afb4-e0c65bc2070c.jpg','https://digital-booking-e7-instrumentos.s3.amazonaws.com/61178b4d-695b-4aec-afb4-e0c65bc2070c.jpg',1),(234,'590d8b63-8ba6-4834-b3ca-8a60d463e6f1.jpg','https://digital-booking-e7-instrumentos.s3.amazonaws.com/590d8b63-8ba6-4834-b3ca-8a60d463e6f1.jpg',1),(235,'3c61faef-7a44-41ba-b206-f593f19cdc8e.jpg','https://digital-booking-e7-instrumentos.s3.amazonaws.com/3c61faef-7a44-41ba-b206-f593f19cdc8e.jpg',1),(236,'0f2148f0-8a44-40da-aae9-7bb94efc83c9.jpg','https://digital-booking-e7-instrumentos.s3.amazonaws.com/0f2148f0-8a44-40da-aae9-7bb94efc83c9.jpg',1),(237,'d82533b5-23dd-4dbd-bb74-f1f13d400906.jpg','https://digital-booking-e7-instrumentos.s3.amazonaws.com/d82533b5-23dd-4dbd-bb74-f1f13d400906.jpg',1),(238,'fc3c475f-7e16-4beb-a6c2-6262b327e8d9.jpg','https://digital-booking-e7-instrumentos.s3.amazonaws.com/fc3c475f-7e16-4beb-a6c2-6262b327e8d9.jpg',1),(239,'5e37fb3d-3df9-4550-bb91-8d9169e86ddf.jpg','https://digital-booking-e7-instrumentos.s3.amazonaws.com/5e37fb3d-3df9-4550-bb91-8d9169e86ddf.jpg',1),(240,'3b3c3390-c922-46eb-a314-ed2617dbe791.jpg','https://digital-booking-e7-instrumentos.s3.amazonaws.com/3b3c3390-c922-46eb-a314-ed2617dbe791.jpg',1),(241,'a99cbf03-6fa5-4b87-bb78-b50c79a91c83.jpg','https://digital-booking-e7-instrumentos.s3.amazonaws.com/a99cbf03-6fa5-4b87-bb78-b50c79a91c83.jpg',1),(242,'9ddd8e60-88ab-4eac-ac74-4a5c53ce7ad0.jpg','https://digital-booking-e7-instrumentos.s3.amazonaws.com/9ddd8e60-88ab-4eac-ac74-4a5c53ce7ad0.jpg',1),(243,'8a3ecce2-4ea1-4966-b4cb-8e42f1d73bf1.jpg','https://digital-booking-e7-instrumentos.s3.amazonaws.com/8a3ecce2-4ea1-4966-b4cb-8e42f1d73bf1.jpg',1),(244,'d22eade1-dc90-4b86-a8d8-d0aa8cd5afe2.null','https://digital-booking-e7-instrumentos.s3.amazonaws.com/d22eade1-dc90-4b86-a8d8-d0aa8cd5afe2.null',1),(245,'e3ed20a3-1924-4b62-a574-14cb5c14bf28.png','https://digital-booking-e7-instrumentos.s3.amazonaws.com/e3ed20a3-1924-4b62-a574-14cb5c14bf28.png',1),(246,'ead3636c-f9cb-4882-8e29-d678d218d0b6.jpeg','https://digital-booking-e7-instrumentos.s3.amazonaws.com/ead3636c-f9cb-4882-8e29-d678d218d0b6.jpeg',1),(247,'42a625d3-b7e4-4e13-9e0c-6a6c7bcdcd08.jpeg','https://digital-booking-e7-instrumentos.s3.amazonaws.com/42a625d3-b7e4-4e13-9e0c-6a6c7bcdcd08.jpeg',1),(248,'91df4f72-66db-4e32-b1dd-e8b4534b9412.jpeg','https://digital-booking-e7-instrumentos.s3.amazonaws.com/91df4f72-66db-4e32-b1dd-e8b4534b9412.jpeg',1),(249,'51ae099b-14fa-4719-9d02-01cc8c63cef8.jpeg','https://digital-booking-e7-instrumentos.s3.amazonaws.com/51ae099b-14fa-4719-9d02-01cc8c63cef8.jpeg',1),(250,'6fbd5842-3675-410c-878c-8b4c0da9cd41.jpeg','https://digital-booking-e7-instrumentos.s3.amazonaws.com/6fbd5842-3675-410c-878c-8b4c0da9cd41.jpeg',1),(251,'da66c45d-8220-464c-82a3-1b2d485e0883.jpeg','https://digital-booking-e7-instrumentos.s3.amazonaws.com/da66c45d-8220-464c-82a3-1b2d485e0883.jpeg',1),(252,'8af0ce8c-d507-41e6-9930-a7d7c5ce691c.png','https://digital-booking-e7-instrumentos.s3.amazonaws.com/8af0ce8c-d507-41e6-9930-a7d7c5ce691c.png',1),(253,'706f4c73-ad03-49e3-a3cc-2b3228792235.jpeg','https://digital-booking-e7-instrumentos.s3.amazonaws.com/706f4c73-ad03-49e3-a3cc-2b3228792235.jpeg',1),(254,'5335e3c5-8a3d-4248-85ec-0a318c1629c6.jpeg','https://digital-booking-e7-instrumentos.s3.amazonaws.com/5335e3c5-8a3d-4248-85ec-0a318c1629c6.jpeg',1),(255,'653dd512-f60b-41cc-9552-88e8a6f3b69b.png','https://digital-booking-e7-instrumentos.s3.amazonaws.com/653dd512-f60b-41cc-9552-88e8a6f3b69b.png',1),(256,'de37477d-ad19-46f9-a7d5-23316227b270.png','https://digital-booking-e7-instrumentos.s3.amazonaws.com/de37477d-ad19-46f9-a7d5-23316227b270.png',1),(257,'03dc804d-8c95-4e27-ac3a-160bbf7d991a.png','https://digital-booking-e7-instrumentos.s3.amazonaws.com/03dc804d-8c95-4e27-ac3a-160bbf7d991a.png',1),(258,'699b196d-e41f-4d46-ba94-a3096e466dfe.png','https://digital-booking-e7-instrumentos.s3.amazonaws.com/699b196d-e41f-4d46-ba94-a3096e466dfe.png',1),(259,'eed65d55-6029-42a2-a7cc-0cb479b65b32.png','https://digital-booking-e7-instrumentos.s3.amazonaws.com/eed65d55-6029-42a2-a7cc-0cb479b65b32.png',1),(260,'5fbe2eaa-eee4-4c14-894c-54f25318f08a.png','https://digital-booking-e7-instrumentos.s3.amazonaws.com/5fbe2eaa-eee4-4c14-894c-54f25318f08a.png',1),(261,'c8e9bc9e-5ac2-448c-a910-adb8bdf2a406.png','https://digital-booking-e7-instrumentos.s3.amazonaws.com/c8e9bc9e-5ac2-448c-a910-adb8bdf2a406.png',1),(262,'fb941320-02e5-49bf-8be9-b1bd936a7264.png','https://digital-booking-e7-instrumentos.s3.amazonaws.com/fb941320-02e5-49bf-8be9-b1bd936a7264.png',1),(263,'184f60a3-f854-4d31-be14-aad8f144b9c5.png','https://digital-booking-e7-instrumentos.s3.amazonaws.com/184f60a3-f854-4d31-be14-aad8f144b9c5.png',1),(264,'1c9546bb-5c66-46e4-a039-78eadb56c2b5.png','https://digital-booking-e7-instrumentos.s3.amazonaws.com/1c9546bb-5c66-46e4-a039-78eadb56c2b5.png',1),(265,'8683d1d0-57ad-4fb5-9880-2ada48885059.png','https://digital-booking-e7-instrumentos.s3.amazonaws.com/8683d1d0-57ad-4fb5-9880-2ada48885059.png',1),(266,'b5746ec2-0129-417f-af1f-a1ffcc177876.png','https://digital-booking-e7-instrumentos.s3.amazonaws.com/b5746ec2-0129-417f-af1f-a1ffcc177876.png',1),(267,'701c54bc-06a0-4b97-b91d-8a302592c45d.png','https://digital-booking-e7-instrumentos.s3.amazonaws.com/701c54bc-06a0-4b97-b91d-8a302592c45d.png',1),(268,'99726189-8359-4891-924b-79d9adab1ce8.png','https://digital-booking-e7-instrumentos.s3.amazonaws.com/99726189-8359-4891-924b-79d9adab1ce8.png',1),(269,'db3145d4-d3fe-476d-9ba8-e636836286f6.png','https://digital-booking-e7-instrumentos.s3.amazonaws.com/db3145d4-d3fe-476d-9ba8-e636836286f6.png',1),(270,'6133fcba-d898-4de8-b4d5-2ba63dfa9bed.png','https://digital-booking-e7-instrumentos.s3.amazonaws.com/6133fcba-d898-4de8-b4d5-2ba63dfa9bed.png',1),(271,'9bc49fe4-ca25-4c24-bd37-7d992d56438a.png','https://digital-booking-e7-instrumentos.s3.amazonaws.com/9bc49fe4-ca25-4c24-bd37-7d992d56438a.png',1),(272,'15c7332f-6da4-47d0-bdce-733f7aa2747f.png','https://digital-booking-e7-instrumentos.s3.amazonaws.com/15c7332f-6da4-47d0-bdce-733f7aa2747f.png',1),(273,'45478944-c858-4f8b-92e0-238541e27a5c.png','https://digital-booking-e7-instrumentos.s3.amazonaws.com/45478944-c858-4f8b-92e0-238541e27a5c.png',1),(274,'0610c9f9-176b-4e40-b728-82c65e5cd02e.png','https://digital-booking-e7-instrumentos.s3.amazonaws.com/0610c9f9-176b-4e40-b728-82c65e5cd02e.png',1),(275,'87444d79-3137-4c15-9a83-181fbf4e1b24.jpg','https://digital-booking-e7-instrumentos.s3.amazonaws.com/87444d79-3137-4c15-9a83-181fbf4e1b24.jpg',1),(276,'ffe4f247-dfd1-408a-a0b7-a38f193850c7.jpg','https://digital-booking-e7-instrumentos.s3.amazonaws.com/ffe4f247-dfd1-408a-a0b7-a38f193850c7.jpg',1),(277,'88fd905a-f206-4702-8995-9686a2410d66.jpg','https://digital-booking-e7-instrumentos.s3.amazonaws.com/88fd905a-f206-4702-8995-9686a2410d66.jpg',1),(278,'06ffb30c-50b6-4892-9461-2fc1000933ff.jpg','https://digital-booking-e7-instrumentos.s3.amazonaws.com/06ffb30c-50b6-4892-9461-2fc1000933ff.jpg',1),(279,'720a5090-5168-4da0-a559-d2037cc6756a.jpg','https://digital-booking-e7-instrumentos.s3.amazonaws.com/720a5090-5168-4da0-a559-d2037cc6756a.jpg',1),(280,'741ac998-51aa-43b1-9cf7-4f12026cb858.jpg','https://digital-booking-e7-instrumentos.s3.amazonaws.com/741ac998-51aa-43b1-9cf7-4f12026cb858.jpg',1),(281,'4a221d5e-2447-48d0-b178-0d4174e6f4bf.jpg','https://digital-booking-e7-instrumentos.s3.amazonaws.com/4a221d5e-2447-48d0-b178-0d4174e6f4bf.jpg',1),(282,'38978e23-43f4-4c41-9e86-0ac5f15a43d8.jpg','https://digital-booking-e7-instrumentos.s3.amazonaws.com/38978e23-43f4-4c41-9e86-0ac5f15a43d8.jpg',1),(283,'8733bab1-b656-4346-bae3-173030297415.png','https://digital-booking-e7-instrumentos.s3.amazonaws.com/8733bab1-b656-4346-bae3-173030297415.png',1),(284,'0847855f-e9a8-436a-98e9-772fba6ea546.png','https://digital-booking-e7-instrumentos.s3.amazonaws.com/0847855f-e9a8-436a-98e9-772fba6ea546.png',1),(285,'0f9074e0-5f2f-4b9b-b420-f038e375636c.jpg','https://digital-booking-e7-instrumentos.s3.amazonaws.com/0f9074e0-5f2f-4b9b-b420-f038e375636c.jpg',1),(286,'562bd8f7-24f7-4067-a91e-d93775a47ce2.jpg','https://digital-booking-e7-instrumentos.s3.amazonaws.com/562bd8f7-24f7-4067-a91e-d93775a47ce2.jpg',1),(287,'1b7bcbab-e59b-4a7f-bbd5-61d69fb8bf9c.jpg','https://digital-booking-e7-instrumentos.s3.amazonaws.com/1b7bcbab-e59b-4a7f-bbd5-61d69fb8bf9c.jpg',1),(288,'fdd06e7c-1125-4fee-ab39-d3e154da7a94.png','https://digital-booking-e7-instrumentos.s3.amazonaws.com/fdd06e7c-1125-4fee-ab39-d3e154da7a94.png',1),(289,'064b8a38-1f01-4059-a5f3-d47e58fae43a.png','https://digital-booking-e7-instrumentos.s3.amazonaws.com/064b8a38-1f01-4059-a5f3-d47e58fae43a.png',1),(290,'7ec35e5d-81f1-4ed9-9a5d-6085b8c739db.png','https://digital-booking-e7-instrumentos.s3.amazonaws.com/7ec35e5d-81f1-4ed9-9a5d-6085b8c739db.png',1),(291,'3478904b-0d80-427c-9999-6553031f7dea.png','https://digital-booking-e7-instrumentos.s3.amazonaws.com/3478904b-0d80-427c-9999-6553031f7dea.png',1),(292,'34a03d5e-fb77-4e7a-aab5-05169cd50f62.png','https://digital-booking-e7-instrumentos.s3.amazonaws.com/34a03d5e-fb77-4e7a-aab5-05169cd50f62.png',1),(293,'3bd25deb-ec68-48ad-814a-40a22602ed0c.png','https://digital-booking-e7-instrumentos.s3.amazonaws.com/3bd25deb-ec68-48ad-814a-40a22602ed0c.png',1),(294,'bad1d9aa-55a1-47a7-931f-597253564d9e.png','https://digital-booking-e7-instrumentos.s3.amazonaws.com/bad1d9aa-55a1-47a7-931f-597253564d9e.png',1),(295,'686a697f-1a37-430a-a7a4-7432f2d11ac1.png','https://digital-booking-e7-instrumentos.s3.amazonaws.com/686a697f-1a37-430a-a7a4-7432f2d11ac1.png',1),(296,'9e75ee6b-6135-4e4d-8bc6-b666edc6f2aa.png','https://digital-booking-e7-instrumentos.s3.amazonaws.com/9e75ee6b-6135-4e4d-8bc6-b666edc6f2aa.png',1),(297,'230bd68b-47d1-4a29-87ce-55b48ddfe21a.png','https://digital-booking-e7-instrumentos.s3.amazonaws.com/230bd68b-47d1-4a29-87ce-55b48ddfe21a.png',1),(298,'ef309e2c-af89-4b62-873b-30ca020d33fd.jpg','https://digital-booking-e7-instrumentos.s3.amazonaws.com/ef309e2c-af89-4b62-873b-30ca020d33fd.jpg',1),(299,'c5827b99-77f5-4742-8b6c-a2cc29bb690b.png','https://digital-booking-e7-instrumentos.s3.amazonaws.com/c5827b99-77f5-4742-8b6c-a2cc29bb690b.png',1),(300,'ad6daf7d-f140-4548-b9de-fd894a1f1e07.png','https://digital-booking-e7-instrumentos.s3.amazonaws.com/ad6daf7d-f140-4548-b9de-fd894a1f1e07.png',1),(301,'fe1149ea-29ef-4a20-b65d-7da190257ab0.png','https://digital-booking-e7-instrumentos.s3.amazonaws.com/fe1149ea-29ef-4a20-b65d-7da190257ab0.png',1),(302,'487533ef-6d65-413c-adbf-c549abcd85e7.png','https://digital-booking-e7-instrumentos.s3.amazonaws.com/487533ef-6d65-413c-adbf-c549abcd85e7.png',1),(303,'66dd0efe-8b51-4f46-a923-fe40b53e9b73.png','https://digital-booking-e7-instrumentos.s3.amazonaws.com/66dd0efe-8b51-4f46-a923-fe40b53e9b73.png',1),(304,'65a11430-d507-45fc-bc0a-56441fa951c8.png','https://digital-booking-e7-instrumentos.s3.amazonaws.com/65a11430-d507-45fc-bc0a-56441fa951c8.png',1),(305,'d799c5fd-611e-4361-8e3a-8f2c2fe1c20d.png','https://digital-booking-e7-instrumentos.s3.amazonaws.com/d799c5fd-611e-4361-8e3a-8f2c2fe1c20d.png',1),(306,'1e4ab54a-d101-438f-a62b-3996d12e5c33.png','https://digital-booking-e7-instrumentos.s3.amazonaws.com/1e4ab54a-d101-438f-a62b-3996d12e5c33.png',1),(307,'4b5b372b-7772-453c-9b3b-36f8d9332847.png','https://digital-booking-e7-instrumentos.s3.amazonaws.com/4b5b372b-7772-453c-9b3b-36f8d9332847.png',1),(308,'2aa2ac0e-f4c6-430f-98ab-89ba3b93afc3.png','https://digital-booking-e7-instrumentos.s3.amazonaws.com/2aa2ac0e-f4c6-430f-98ab-89ba3b93afc3.png',1),(309,'643b8dbe-3422-40f9-8601-73882c6dfd96.png','https://digital-booking-e7-instrumentos.s3.amazonaws.com/643b8dbe-3422-40f9-8601-73882c6dfd96.png',1),(310,'ca433785-7efb-4803-be38-ef71ce28b3e3.png','https://digital-booking-e7-instrumentos.s3.amazonaws.com/ca433785-7efb-4803-be38-ef71ce28b3e3.png',1),(311,'83d9f525-dca8-4dcc-a756-554c15b174fa.png','https://digital-booking-e7-instrumentos.s3.amazonaws.com/83d9f525-dca8-4dcc-a756-554c15b174fa.png',1),(312,'bb4eaa65-c9bc-40c0-90fd-9ff568e1a83a.png','https://digital-booking-e7-instrumentos.s3.amazonaws.com/bb4eaa65-c9bc-40c0-90fd-9ff568e1a83a.png',1),(313,'13541e49-f92a-4921-905e-3f20152e3a08.png','https://digital-booking-e7-instrumentos.s3.amazonaws.com/13541e49-f92a-4921-905e-3f20152e3a08.png',1),(314,'abe46fc1-8d01-4d83-a49a-acc195231261.png','https://digital-booking-e7-instrumentos.s3.amazonaws.com/abe46fc1-8d01-4d83-a49a-acc195231261.png',1),(315,'49107459-8fb1-45c5-9b98-edb06e9e6436.png','https://digital-booking-e7-instrumentos.s3.amazonaws.com/49107459-8fb1-45c5-9b98-edb06e9e6436.png',1),(316,'af5bbdb0-06b5-4356-bd09-8ca0055af02f.png','https://digital-booking-e7-instrumentos.s3.amazonaws.com/af5bbdb0-06b5-4356-bd09-8ca0055af02f.png',1),(317,'049aa49c-d0b2-494b-820b-83151593dfed.png','https://digital-booking-e7-instrumentos.s3.amazonaws.com/049aa49c-d0b2-494b-820b-83151593dfed.png',1),(318,'995f101a-0bc4-4963-82aa-3cfe990939e1.png','https://digital-booking-e7-instrumentos.s3.amazonaws.com/995f101a-0bc4-4963-82aa-3cfe990939e1.png',1),(319,'599518b7-890a-4c99-add3-a3a1e5e522a7.png','https://digital-booking-e7-instrumentos.s3.amazonaws.com/599518b7-890a-4c99-add3-a3a1e5e522a7.png',1),(320,'d64174d8-1e35-4b47-bf99-4aa9e33a9874.png','https://digital-booking-e7-instrumentos.s3.amazonaws.com/d64174d8-1e35-4b47-bf99-4aa9e33a9874.png',1),(321,'2b8f2191-afe9-405e-bd1b-631644f22c01.png','https://digital-booking-e7-instrumentos.s3.amazonaws.com/2b8f2191-afe9-405e-bd1b-631644f22c01.png',1),(322,'7ee51451-a9e6-4de3-aa54-b7cd27dd0ac1.png','https://digital-booking-e7-instrumentos.s3.amazonaws.com/7ee51451-a9e6-4de3-aa54-b7cd27dd0ac1.png',1),(323,'5f122fe2-e482-435e-af7a-b34bb024dd61.png','https://digital-booking-e7-instrumentos.s3.amazonaws.com/5f122fe2-e482-435e-af7a-b34bb024dd61.png',1),(324,'5e1f0454-f0ee-4977-9204-f5bb48091d91.png','https://digital-booking-e7-instrumentos.s3.amazonaws.com/5e1f0454-f0ee-4977-9204-f5bb48091d91.png',1),(325,'f041efa6-5bbc-469a-9d7c-84981f8ad3f3.png','https://digital-booking-e7-instrumentos.s3.amazonaws.com/f041efa6-5bbc-469a-9d7c-84981f8ad3f3.png',1),(326,'6d245a39-c1f8-4007-989d-61da341588e8.png','https://digital-booking-e7-instrumentos.s3.amazonaws.com/6d245a39-c1f8-4007-989d-61da341588e8.png',1),(327,'22324931-63da-4e73-898b-8883b703d43e.png','https://digital-booking-e7-instrumentos.s3.amazonaws.com/22324931-63da-4e73-898b-8883b703d43e.png',1),(328,'84404104-e3e4-4dab-af5d-eb11b0431c6b.png','https://digital-booking-e7-instrumentos.s3.amazonaws.com/84404104-e3e4-4dab-af5d-eb11b0431c6b.png',1),(329,'30ba751a-e948-4088-adb0-ae7bc321153f.png','https://digital-booking-e7-instrumentos.s3.amazonaws.com/30ba751a-e948-4088-adb0-ae7bc321153f.png',1),(330,'69751ddc-fe13-4ced-99f0-6440f7ba2496.png','https://digital-booking-e7-instrumentos.s3.amazonaws.com/69751ddc-fe13-4ced-99f0-6440f7ba2496.png',1),(331,'04790ba9-96d7-40b7-bc52-01f650e6dec5.png','https://digital-booking-e7-instrumentos.s3.amazonaws.com/04790ba9-96d7-40b7-bc52-01f650e6dec5.png',1),(332,'a45f19ac-2b17-4295-8670-4406039f91a5.png','https://digital-booking-e7-instrumentos.s3.amazonaws.com/a45f19ac-2b17-4295-8670-4406039f91a5.png',1),(333,'dd38f0a4-9184-42d8-a303-9161f3f6b2ba.png','https://digital-booking-e7-instrumentos.s3.amazonaws.com/dd38f0a4-9184-42d8-a303-9161f3f6b2ba.png',1),(334,'214501a2-84e7-4065-a15b-7162736563d5.png','https://digital-booking-e7-instrumentos.s3.amazonaws.com/214501a2-84e7-4065-a15b-7162736563d5.png',1),(335,'73aab5d1-9cc7-4762-89ff-7fcb6280985b.png','https://digital-booking-e7-instrumentos.s3.amazonaws.com/73aab5d1-9cc7-4762-89ff-7fcb6280985b.png',1),(336,'6d083bf6-c425-4b13-94a3-1bc7be75a7b5.png','https://digital-booking-e7-instrumentos.s3.amazonaws.com/6d083bf6-c425-4b13-94a3-1bc7be75a7b5.png',1),(337,'b3310d03-f613-4d4b-ae98-dfb605bc43b2.png','https://digital-booking-e7-instrumentos.s3.amazonaws.com/b3310d03-f613-4d4b-ae98-dfb605bc43b2.png',1),(338,'1362502b-fa7a-4c50-9847-6b8827eead3c.png','https://digital-booking-e7-instrumentos.s3.amazonaws.com/1362502b-fa7a-4c50-9847-6b8827eead3c.png',1),(339,'88c9b15f-6ab5-44a7-8933-a39d501bb246.png','https://digital-booking-e7-instrumentos.s3.amazonaws.com/88c9b15f-6ab5-44a7-8933-a39d501bb246.png',1),(340,'f6742ae6-6b16-40a2-a298-96b12f155822.png','https://digital-booking-e7-instrumentos.s3.amazonaws.com/f6742ae6-6b16-40a2-a298-96b12f155822.png',1),(341,'a5cc35a4-12c6-4014-b3ed-c74b69212246.png','https://digital-booking-e7-instrumentos.s3.amazonaws.com/a5cc35a4-12c6-4014-b3ed-c74b69212246.png',1),(342,'ac2bf8c3-8cfe-48b0-ae0c-2846fb3e357a.jpg','https://digital-booking-e7-instrumentos.s3.amazonaws.com/ac2bf8c3-8cfe-48b0-ae0c-2846fb3e357a.jpg',1),(343,'30d2edd1-eba0-4ff6-a300-491e129f094c.jpg','https://digital-booking-e7-instrumentos.s3.amazonaws.com/30d2edd1-eba0-4ff6-a300-491e129f094c.jpg',1),(344,'15f9bc31-033e-4a5e-a12a-7b407f473504.jpg','https://digital-booking-e7-instrumentos.s3.amazonaws.com/15f9bc31-033e-4a5e-a12a-7b407f473504.jpg',1),(345,'e1a55d7b-a701-4010-baf6-c8cab847dc5c.jpg','https://digital-booking-e7-instrumentos.s3.amazonaws.com/e1a55d7b-a701-4010-baf6-c8cab847dc5c.jpg',1),(346,'ac8f6759-b3fc-4075-8391-b149959db6bf.jpg','https://digital-booking-e7-instrumentos.s3.amazonaws.com/ac8f6759-b3fc-4075-8391-b149959db6bf.jpg',1),(347,'8f293326-e241-48d4-9869-6af561923d0a.jpg','https://digital-booking-e7-instrumentos.s3.amazonaws.com/8f293326-e241-48d4-9869-6af561923d0a.jpg',1),(348,'61337e69-27ac-48c6-a962-a84ab659a2b2.jpg','https://digital-booking-e7-instrumentos.s3.amazonaws.com/61337e69-27ac-48c6-a962-a84ab659a2b2.jpg',1),(349,'7e5aea1f-726a-41e3-baaf-15c80a13728e.jpg','https://digital-booking-e7-instrumentos.s3.amazonaws.com/7e5aea1f-726a-41e3-baaf-15c80a13728e.jpg',1),(350,'e38899d6-69b9-4c4a-b5d7-30013f402792.jpg','https://digital-booking-e7-instrumentos.s3.amazonaws.com/e38899d6-69b9-4c4a-b5d7-30013f402792.jpg',1),(351,'0fad2e28-a7c9-43e6-b087-75037c56b4f6.jpg','https://digital-booking-e7-instrumentos.s3.amazonaws.com/0fad2e28-a7c9-43e6-b087-75037c56b4f6.jpg',1),(352,'d656c507-80f7-4343-baab-d075be373684.jpg','https://digital-booking-e7-instrumentos.s3.amazonaws.com/d656c507-80f7-4343-baab-d075be373684.jpg',1),(353,'12114b44-f667-4a4a-9c85-776ad97eb27e.jpg','https://digital-booking-e7-instrumentos.s3.amazonaws.com/12114b44-f667-4a4a-9c85-776ad97eb27e.jpg',1),(354,'10e7de1e-c7ca-4182-8b65-1f2ac42291d2.jpg','https://digital-booking-e7-instrumentos.s3.amazonaws.com/10e7de1e-c7ca-4182-8b65-1f2ac42291d2.jpg',1),(355,'0ca1bc18-0553-419e-a71f-269c76f36cdf.jpg','https://digital-booking-e7-instrumentos.s3.amazonaws.com/0ca1bc18-0553-419e-a71f-269c76f36cdf.jpg',1),(356,'0d08385f-b167-493d-bd6e-eb205d10eeb4.jpg','https://digital-booking-e7-instrumentos.s3.amazonaws.com/0d08385f-b167-493d-bd6e-eb205d10eeb4.jpg',1),(357,'bb069e98-f1f1-4f24-b820-5ab14d4443af.jpg','https://digital-booking-e7-instrumentos.s3.amazonaws.com/bb069e98-f1f1-4f24-b820-5ab14d4443af.jpg',1),(358,'06897de7-1fc0-4a56-8840-053e3c53d92e.jpg','https://digital-booking-e7-instrumentos.s3.amazonaws.com/06897de7-1fc0-4a56-8840-053e3c53d92e.jpg',1),(359,'20d04dac-312a-4b70-b4d6-583be0b3f6fe.jpg','https://digital-booking-e7-instrumentos.s3.amazonaws.com/20d04dac-312a-4b70-b4d6-583be0b3f6fe.jpg',1),(360,'03f39f7e-9c82-4daa-9941-1ed0ba85a0f2.jpg','https://digital-booking-e7-instrumentos.s3.amazonaws.com/03f39f7e-9c82-4daa-9941-1ed0ba85a0f2.jpg',1),(361,'5b2e94a6-b854-431a-9f52-37751b1bb77c.jpg','https://digital-booking-e7-instrumentos.s3.amazonaws.com/5b2e94a6-b854-431a-9f52-37751b1bb77c.jpg',1),(362,'46d79d5c-b5ed-400c-b4b4-9a1ce8b8c9e2.jpg','https://digital-booking-e7-instrumentos.s3.amazonaws.com/46d79d5c-b5ed-400c-b4b4-9a1ce8b8c9e2.jpg',1),(363,'085d8d30-565d-416f-8db5-ca2d3c7e1b5a.jpg','https://digital-booking-e7-instrumentos.s3.amazonaws.com/085d8d30-565d-416f-8db5-ca2d3c7e1b5a.jpg',1),(364,'e7266e1d-ed81-4933-85d8-6a5a7e180a9d.jpg','https://digital-booking-e7-instrumentos.s3.amazonaws.com/e7266e1d-ed81-4933-85d8-6a5a7e180a9d.jpg',1),(365,'30cf393d-312e-49f0-afa2-21f7a8748769.jpg','https://digital-booking-e7-instrumentos.s3.amazonaws.com/30cf393d-312e-49f0-afa2-21f7a8748769.jpg',1),(366,'cc5e1ca0-11f2-41e8-b490-daaad88530b3.jpg','https://digital-booking-e7-instrumentos.s3.amazonaws.com/cc5e1ca0-11f2-41e8-b490-daaad88530b3.jpg',1),(367,'23348399-d1c7-46d4-9990-9e9a98b29f5b.jpg','https://digital-booking-e7-instrumentos.s3.amazonaws.com/23348399-d1c7-46d4-9990-9e9a98b29f5b.jpg',1),(368,'993bf9d8-edaf-49e0-af21-ecccade63ffd.jpg','https://digital-booking-e7-instrumentos.s3.amazonaws.com/993bf9d8-edaf-49e0-af21-ecccade63ffd.jpg',1),(369,'bc72b69e-ae79-4892-a76d-beebef93e95b.jpg','https://digital-booking-e7-instrumentos.s3.amazonaws.com/bc72b69e-ae79-4892-a76d-beebef93e95b.jpg',1),(370,'89a83dad-eca9-4d47-9cbf-b5af8e682e2b.jpg','https://digital-booking-e7-instrumentos.s3.amazonaws.com/89a83dad-eca9-4d47-9cbf-b5af8e682e2b.jpg',1),(371,'22e239c2-9d40-4140-bb0d-d92eac2901c6.jpg','https://digital-booking-e7-instrumentos.s3.amazonaws.com/22e239c2-9d40-4140-bb0d-d92eac2901c6.jpg',1),(372,'b12bdc41-6a06-433d-b24c-725994a1fc6c.jpg','https://digital-booking-e7-instrumentos.s3.amazonaws.com/b12bdc41-6a06-433d-b24c-725994a1fc6c.jpg',1),(373,'3cf42554-d604-4ed9-947e-3d46a62ad603.jpg','https://digital-booking-e7-instrumentos.s3.amazonaws.com/3cf42554-d604-4ed9-947e-3d46a62ad603.jpg',1),(374,'9348df3e-657c-4bac-9310-ce24b416ee97.jpg','https://digital-booking-e7-instrumentos.s3.amazonaws.com/9348df3e-657c-4bac-9310-ce24b416ee97.jpg',1),(375,'750867da-5a62-494e-b553-8aa72daab555.jpg','https://digital-booking-e7-instrumentos.s3.amazonaws.com/750867da-5a62-494e-b553-8aa72daab555.jpg',1),(376,'73d93a83-484e-4af8-ae8e-01bdea2988cc.jpg','https://digital-booking-e7-instrumentos.s3.amazonaws.com/73d93a83-484e-4af8-ae8e-01bdea2988cc.jpg',1),(377,'40f4f2ee-7767-469d-bcc2-9287e9ee1f8d.jpg','https://digital-booking-e7-instrumentos.s3.amazonaws.com/40f4f2ee-7767-469d-bcc2-9287e9ee1f8d.jpg',1),(378,'6bfec182-fa96-4e07-8adf-ae9ba2e8dea6.jpg','https://digital-booking-e7-instrumentos.s3.amazonaws.com/6bfec182-fa96-4e07-8adf-ae9ba2e8dea6.jpg',1),(379,'9f2eeba5-d08f-4152-b27d-91474b349c0b.jpg','https://digital-booking-e7-instrumentos.s3.amazonaws.com/9f2eeba5-d08f-4152-b27d-91474b349c0b.jpg',1),(380,'fc29866a-c826-48ae-a4c4-612a2dcd1a70.jpg','https://digital-booking-e7-instrumentos.s3.amazonaws.com/fc29866a-c826-48ae-a4c4-612a2dcd1a70.jpg',1),(381,'303ca97c-34c1-40c4-a81a-115f0e9ec617.jpg','https://digital-booking-e7-instrumentos.s3.amazonaws.com/303ca97c-34c1-40c4-a81a-115f0e9ec617.jpg',1),(382,'3c80ab9e-c241-42a3-a4d1-d90dc09c3bd0.jpg','https://digital-booking-e7-instrumentos.s3.amazonaws.com/3c80ab9e-c241-42a3-a4d1-d90dc09c3bd0.jpg',1),(383,'000bce79-684e-436f-98d1-8ef2ed0ebb42.jpg','https://digital-booking-e7-instrumentos.s3.amazonaws.com/000bce79-684e-436f-98d1-8ef2ed0ebb42.jpg',1),(384,'adcdd4b5-84e5-487c-b166-b4b71cb6350f.jpg','https://digital-booking-e7-instrumentos.s3.amazonaws.com/adcdd4b5-84e5-487c-b166-b4b71cb6350f.jpg',1),(385,'9210a382-7104-4316-8e9a-6c13229d6232.jpg','https://digital-booking-e7-instrumentos.s3.amazonaws.com/9210a382-7104-4316-8e9a-6c13229d6232.jpg',1),(386,'ab48f659-57fd-4cdd-84c4-a329f36c5f5b.jpg','https://digital-booking-e7-instrumentos.s3.amazonaws.com/ab48f659-57fd-4cdd-84c4-a329f36c5f5b.jpg',1),(387,'73bbdfd6-bc84-4ad7-aff6-e4d3efe51bb4.jpg','https://digital-booking-e7-instrumentos.s3.amazonaws.com/73bbdfd6-bc84-4ad7-aff6-e4d3efe51bb4.jpg',1),(388,'621cdbd4-d267-4459-8058-1536599d10d0.jpg','https://digital-booking-e7-instrumentos.s3.amazonaws.com/621cdbd4-d267-4459-8058-1536599d10d0.jpg',1),(389,'9ea55346-ec28-4fc1-bb01-f8a98071870b.jpg','https://digital-booking-e7-instrumentos.s3.amazonaws.com/9ea55346-ec28-4fc1-bb01-f8a98071870b.jpg',1),(390,'1d645e10-10e5-4e7d-9f4a-e2f7d0bc01b9.jpg','https://digital-booking-e7-instrumentos.s3.amazonaws.com/1d645e10-10e5-4e7d-9f4a-e2f7d0bc01b9.jpg',1),(391,'3d342b02-5baa-444d-be87-b284649632bb.jpg','https://digital-booking-e7-instrumentos.s3.amazonaws.com/3d342b02-5baa-444d-be87-b284649632bb.jpg',1),(392,'14ad7fee-b2ef-4580-8ef4-bb8527d27aea.jpg','https://digital-booking-e7-instrumentos.s3.amazonaws.com/14ad7fee-b2ef-4580-8ef4-bb8527d27aea.jpg',1),(393,'689215e3-92b0-460b-a845-b7cd1bff7085.jpg','https://digital-booking-e7-instrumentos.s3.amazonaws.com/689215e3-92b0-460b-a845-b7cd1bff7085.jpg',1),(394,'78874ade-7d14-45ae-8ef5-cf020a50c760.jpg','https://digital-booking-e7-instrumentos.s3.amazonaws.com/78874ade-7d14-45ae-8ef5-cf020a50c760.jpg',1),(395,'8dcd7c4a-9596-400d-97a3-94b624a0308e.jpg','https://digital-booking-e7-instrumentos.s3.amazonaws.com/8dcd7c4a-9596-400d-97a3-94b624a0308e.jpg',1),(396,'ba3ead8d-aff0-41b5-b49c-d86c67c07160.jpg','https://digital-booking-e7-instrumentos.s3.amazonaws.com/ba3ead8d-aff0-41b5-b49c-d86c67c07160.jpg',1),(397,'3a13786c-4759-41db-bf4b-2d188a5598ef.jpg','https://digital-booking-e7-instrumentos.s3.amazonaws.com/3a13786c-4759-41db-bf4b-2d188a5598ef.jpg',1),(398,'ab65a2fa-6934-4f6c-b1da-0b6bd431e16f.jpg','https://digital-booking-e7-instrumentos.s3.amazonaws.com/ab65a2fa-6934-4f6c-b1da-0b6bd431e16f.jpg',1),(399,'fac5677d-13a1-4dbe-885c-47415e3db24b.jpg','https://digital-booking-e7-instrumentos.s3.amazonaws.com/fac5677d-13a1-4dbe-885c-47415e3db24b.jpg',1),(400,'d9b37d15-a7f1-40e3-85af-084adf994d53.jpg','https://digital-booking-e7-instrumentos.s3.amazonaws.com/d9b37d15-a7f1-40e3-85af-084adf994d53.jpg',1),(401,'79656fb7-fc3a-4736-bbde-e84f00d289b5.jpg','https://digital-booking-e7-instrumentos.s3.amazonaws.com/79656fb7-fc3a-4736-bbde-e84f00d289b5.jpg',1),(402,'8b2bd3f1-bf9d-492e-bc19-2358e53f8f90.jpg','https://digital-booking-e7-instrumentos.s3.amazonaws.com/8b2bd3f1-bf9d-492e-bc19-2358e53f8f90.jpg',1),(403,'90b82d7a-3e76-47f3-99b4-619674a6e112.jpg','https://digital-booking-e7-instrumentos.s3.amazonaws.com/90b82d7a-3e76-47f3-99b4-619674a6e112.jpg',1),(404,'3e377a35-e5d7-43e0-aa65-1870767b9426.jpg','https://digital-booking-e7-instrumentos.s3.amazonaws.com/3e377a35-e5d7-43e0-aa65-1870767b9426.jpg',1),(405,'35a1f029-0c88-4062-bb70-d6eb73db96ca.jpg','https://digital-booking-e7-instrumentos.s3.amazonaws.com/35a1f029-0c88-4062-bb70-d6eb73db96ca.jpg',1),(406,'2aaf3387-e1b3-4872-8324-2a542ececd50.jpg','https://digital-booking-e7-instrumentos.s3.amazonaws.com/2aaf3387-e1b3-4872-8324-2a542ececd50.jpg',1),(407,'ee3b60a3-8894-4044-aa05-3816d6f4737e.jpg','https://digital-booking-e7-instrumentos.s3.amazonaws.com/ee3b60a3-8894-4044-aa05-3816d6f4737e.jpg',1),(408,'29f0a59b-899f-47a3-90bc-747010752a72.jpg','https://digital-booking-e7-instrumentos.s3.amazonaws.com/29f0a59b-899f-47a3-90bc-747010752a72.jpg',1),(409,'5548fa18-f5f6-47aa-9c0d-813626905e38.jpg','https://digital-booking-e7-instrumentos.s3.amazonaws.com/5548fa18-f5f6-47aa-9c0d-813626905e38.jpg',1),(410,'1ef5cef3-4d09-4fff-8a95-0942de10d4fb.jpg','https://digital-booking-e7-instrumentos.s3.amazonaws.com/1ef5cef3-4d09-4fff-8a95-0942de10d4fb.jpg',1),(411,'470be3b6-c23a-4dcc-8177-86bf8226c98d.jpg','https://digital-booking-e7-instrumentos.s3.amazonaws.com/470be3b6-c23a-4dcc-8177-86bf8226c98d.jpg',1),(412,'f951245e-b83e-4358-969b-3098f2e42691.jpg','https://digital-booking-e7-instrumentos.s3.amazonaws.com/f951245e-b83e-4358-969b-3098f2e42691.jpg',1),(413,'e05315d6-a7a5-4854-b021-332833149da8.jpg','https://digital-booking-e7-instrumentos.s3.amazonaws.com/e05315d6-a7a5-4854-b021-332833149da8.jpg',1),(414,'b1922808-7fbf-44a0-9695-50dcaa118da8.jpeg','https://digital-booking-e7-instrumentos.s3.amazonaws.com/b1922808-7fbf-44a0-9695-50dcaa118da8.jpeg',1),(415,'cefd5fb6-4974-47a5-8ebe-797671792b81.jpeg','https://digital-booking-e7-instrumentos.s3.amazonaws.com/cefd5fb6-4974-47a5-8ebe-797671792b81.jpeg',1),(416,'be8ed6bd-3df0-4be1-a8b2-548ebb5ff04e.jpeg','https://digital-booking-e7-instrumentos.s3.amazonaws.com/be8ed6bd-3df0-4be1-a8b2-548ebb5ff04e.jpeg',1),(417,'a5e0ccd8-4644-4bfb-881b-bc0b799913b2.jpg','https://digital-booking-e7-instrumentos.s3.amazonaws.com/a5e0ccd8-4644-4bfb-881b-bc0b799913b2.jpg',1),(418,'ad7e0936-aa2b-4a7c-b9c9-0a3faffda909.jpg','https://digital-booking-e7-instrumentos.s3.amazonaws.com/ad7e0936-aa2b-4a7c-b9c9-0a3faffda909.jpg',1),(419,'29a719e6-6fc6-43c2-83b3-3f91ebf7fa62.jpg','https://digital-booking-e7-instrumentos.s3.amazonaws.com/29a719e6-6fc6-43c2-83b3-3f91ebf7fa62.jpg',1),(420,'9d90ee58-6e40-4d42-9b96-0d834635fcb5.jpeg','https://digital-booking-e7-instrumentos.s3.amazonaws.com/9d90ee58-6e40-4d42-9b96-0d834635fcb5.jpeg',1),(421,'193cf3b0-8dbe-4309-8b10-57545d2fbf2b.jpg','https://digital-booking-e7-instrumentos.s3.amazonaws.com/193cf3b0-8dbe-4309-8b10-57545d2fbf2b.jpg',1),(422,'1e0a57fa-9dc6-440b-9f20-3b4f3ee1f32f.jpg','https://digital-booking-e7-instrumentos.s3.amazonaws.com/1e0a57fa-9dc6-440b-9f20-3b4f3ee1f32f.jpg',1),(423,'063ee6d5-bc51-4eda-96ba-705939f38c8a.jpeg','https://digital-booking-e7-instrumentos.s3.amazonaws.com/063ee6d5-bc51-4eda-96ba-705939f38c8a.jpeg',1),(424,'a27ab784-c64c-44ac-b780-685fa33d54a2.jpg','https://digital-booking-e7-instrumentos.s3.amazonaws.com/a27ab784-c64c-44ac-b780-685fa33d54a2.jpg',1),(425,'e823bad9-1179-4526-97c6-824c354baff6.jpg','https://digital-booking-e7-instrumentos.s3.amazonaws.com/e823bad9-1179-4526-97c6-824c354baff6.jpg',1),(426,'52a37690-5d59-41e0-a2eb-93dbfb7bb16b.jpg','https://digital-booking-e7-instrumentos.s3.amazonaws.com/52a37690-5d59-41e0-a2eb-93dbfb7bb16b.jpg',1),(427,'ad3e1172-8466-4f2b-9fe1-e8f8684e5a90.jpg','https://digital-booking-e7-instrumentos.s3.amazonaws.com/ad3e1172-8466-4f2b-9fe1-e8f8684e5a90.jpg',1),(428,'89ffb6d3-413d-49f3-b5c8-b690f4a33c57.jpg','https://digital-booking-e7-instrumentos.s3.amazonaws.com/89ffb6d3-413d-49f3-b5c8-b690f4a33c57.jpg',1),(429,'7c22518c-14d7-4be0-b915-8f608958315e.jpg','https://digital-booking-e7-instrumentos.s3.amazonaws.com/7c22518c-14d7-4be0-b915-8f608958315e.jpg',1),(430,'162d3a46-4e0b-4782-9fe1-12ffe6039390.jpg','https://digital-booking-e7-instrumentos.s3.amazonaws.com/162d3a46-4e0b-4782-9fe1-12ffe6039390.jpg',1),(431,'f140ad8c-9e7a-47fa-9129-1718ce24c942.jpg','https://digital-booking-e7-instrumentos.s3.amazonaws.com/f140ad8c-9e7a-47fa-9129-1718ce24c942.jpg',1),(432,'3010befa-9982-45cc-9774-1cf345b57928.jpg','https://digital-booking-e7-instrumentos.s3.amazonaws.com/3010befa-9982-45cc-9774-1cf345b57928.jpg',1),(433,'33bb5b8a-80f5-4c5d-b6f5-804685c3bda9.jpg','https://digital-booking-e7-instrumentos.s3.amazonaws.com/33bb5b8a-80f5-4c5d-b6f5-804685c3bda9.jpg',1),(434,'d59e29f1-0f70-4abe-8561-a97f810f1181.jpg','https://digital-booking-e7-instrumentos.s3.amazonaws.com/d59e29f1-0f70-4abe-8561-a97f810f1181.jpg',1),(435,'0cd7ee23-6fc9-48d6-89da-3fa0c7f013b5.jpg','https://digital-booking-e7-instrumentos.s3.amazonaws.com/0cd7ee23-6fc9-48d6-89da-3fa0c7f013b5.jpg',1),(436,'48157ed7-7513-433e-8681-64fb1238ac15.jpg','https://digital-booking-e7-instrumentos.s3.amazonaws.com/48157ed7-7513-433e-8681-64fb1238ac15.jpg',1),(437,'5ecb8328-6bf6-4129-bfe6-4db6b803e475.jpg','https://digital-booking-e7-instrumentos.s3.amazonaws.com/5ecb8328-6bf6-4129-bfe6-4db6b803e475.jpg',1),(438,'3f7ac45e-1106-48a5-8f5d-4e2fbdb448ac.jpg','https://digital-booking-e7-instrumentos.s3.amazonaws.com/3f7ac45e-1106-48a5-8f5d-4e2fbdb448ac.jpg',1),(439,'e5719ea4-c795-471d-b5d9-220e59b8a727.jpg','https://digital-booking-e7-instrumentos.s3.amazonaws.com/e5719ea4-c795-471d-b5d9-220e59b8a727.jpg',1),(440,'512bfaa1-b13e-4810-b98f-a35174f1e42b.jpg','https://digital-booking-e7-instrumentos.s3.amazonaws.com/512bfaa1-b13e-4810-b98f-a35174f1e42b.jpg',1),(441,'6d2f9749-461d-4f89-936e-5d9d48005aaa.jpg','https://digital-booking-e7-instrumentos.s3.amazonaws.com/6d2f9749-461d-4f89-936e-5d9d48005aaa.jpg',1),(442,'dc1a18c5-b87a-4979-99f2-8656872c48f2.jpg','https://digital-booking-e7-instrumentos.s3.amazonaws.com/dc1a18c5-b87a-4979-99f2-8656872c48f2.jpg',1),(443,'43b1e49e-3d05-48d1-8b96-a2b12779c449.jpg','https://digital-booking-e7-instrumentos.s3.amazonaws.com/43b1e49e-3d05-48d1-8b96-a2b12779c449.jpg',1),(444,'4b7d8194-c5f8-46f4-9ab2-79bab5ccf5a0.jpg','https://digital-booking-e7-instrumentos.s3.amazonaws.com/4b7d8194-c5f8-46f4-9ab2-79bab5ccf5a0.jpg',1),(445,'49214f1d-9381-4a06-8a4a-50401ac76e55.jpg','https://digital-booking-e7-instrumentos.s3.amazonaws.com/49214f1d-9381-4a06-8a4a-50401ac76e55.jpg',1),(446,'e8d005e7-ac8b-4b36-98d7-28f91f12fa85.jpg','https://digital-booking-e7-instrumentos.s3.amazonaws.com/e8d005e7-ac8b-4b36-98d7-28f91f12fa85.jpg',1),(447,'dc1f4c2a-36dc-4e76-a5e8-cfa5aae35ed1.jpg','https://digital-booking-e7-instrumentos.s3.amazonaws.com/dc1f4c2a-36dc-4e76-a5e8-cfa5aae35ed1.jpg',1),(448,'200287ab-8708-4137-bcdc-3b6646cf8cb5.jpg','https://digital-booking-e7-instrumentos.s3.amazonaws.com/200287ab-8708-4137-bcdc-3b6646cf8cb5.jpg',1),(449,'69a8c660-f7dc-4760-8a88-ecce150ae527.jpg','https://digital-booking-e7-instrumentos.s3.amazonaws.com/69a8c660-f7dc-4760-8a88-ecce150ae527.jpg',1),(450,'0c102680-0bea-4a38-ac38-0095fd6c680c.jpg','https://digital-booking-e7-instrumentos.s3.amazonaws.com/0c102680-0bea-4a38-ac38-0095fd6c680c.jpg',1),(451,'73411e96-005c-412e-b30e-9e81ee105dae.jpg','https://digital-booking-e7-instrumentos.s3.amazonaws.com/73411e96-005c-412e-b30e-9e81ee105dae.jpg',1),(452,'f83fd5d5-a074-4739-a2d6-c87b36631447.jpg','https://digital-booking-e7-instrumentos.s3.amazonaws.com/f83fd5d5-a074-4739-a2d6-c87b36631447.jpg',1),(453,'a6d2c7c5-5593-4b46-a2f1-d2850515ec60.jpg','https://digital-booking-e7-instrumentos.s3.amazonaws.com/a6d2c7c5-5593-4b46-a2f1-d2850515ec60.jpg',1),(454,'cd5206c8-8d5f-4bde-bf79-bfd0c1add285.jpg','https://digital-booking-e7-instrumentos.s3.amazonaws.com/cd5206c8-8d5f-4bde-bf79-bfd0c1add285.jpg',1),(455,'9df2b0d7-5e6d-43bc-b5a0-ea1413b0865e.jpg','https://digital-booking-e7-instrumentos.s3.amazonaws.com/9df2b0d7-5e6d-43bc-b5a0-ea1413b0865e.jpg',1),(456,'c9bf329c-224a-4893-b0a2-8934edd145a6.jpg','https://digital-booking-e7-instrumentos.s3.amazonaws.com/c9bf329c-224a-4893-b0a2-8934edd145a6.jpg',1),(457,'ce78f53c-8ef3-40fe-930a-65afdcf8e88c.jpg','https://digital-booking-e7-instrumentos.s3.amazonaws.com/ce78f53c-8ef3-40fe-930a-65afdcf8e88c.jpg',1),(458,'019bd728-f128-4da0-8a4e-11329ab136c0.jpg','https://digital-booking-e7-instrumentos.s3.amazonaws.com/019bd728-f128-4da0-8a4e-11329ab136c0.jpg',1),(459,'933bd4f8-ec68-4ad6-8f81-e695d61cea91.jpg','https://digital-booking-e7-instrumentos.s3.amazonaws.com/933bd4f8-ec68-4ad6-8f81-e695d61cea91.jpg',1),(460,'7b677a19-677d-4d2b-8b6b-dc6abb9ba600.jpg','https://digital-booking-e7-instrumentos.s3.amazonaws.com/7b677a19-677d-4d2b-8b6b-dc6abb9ba600.jpg',1),(461,'1235b6c0-872d-4699-a2f7-2bc0eb0b6ab5.jpg','https://digital-booking-e7-instrumentos.s3.amazonaws.com/1235b6c0-872d-4699-a2f7-2bc0eb0b6ab5.jpg',1),(462,'788f0e2c-ee10-4e9c-9bf0-90ab60ce7c50.jpg','https://digital-booking-e7-instrumentos.s3.amazonaws.com/788f0e2c-ee10-4e9c-9bf0-90ab60ce7c50.jpg',1),(463,'949f2579-d506-44c3-86ec-2ffc80f2ebca.jpg','https://digital-booking-e7-instrumentos.s3.amazonaws.com/949f2579-d506-44c3-86ec-2ffc80f2ebca.jpg',1),(464,'0ec47d12-cea3-4f52-81d6-e5a6ffd6e294.jpg','https://digital-booking-e7-instrumentos.s3.amazonaws.com/0ec47d12-cea3-4f52-81d6-e5a6ffd6e294.jpg',1),(465,'5cde6bc4-504c-4e0f-aee1-2260a59dafbe.jpg','https://digital-booking-e7-instrumentos.s3.amazonaws.com/5cde6bc4-504c-4e0f-aee1-2260a59dafbe.jpg',1),(466,'8232c9a7-d379-411e-9ed8-bd5a1b836eeb.jpg','https://digital-booking-e7-instrumentos.s3.amazonaws.com/8232c9a7-d379-411e-9ed8-bd5a1b836eeb.jpg',1),(467,'3bf28a2e-b735-4909-8a84-b6536dc63981.jpg','https://digital-booking-e7-instrumentos.s3.amazonaws.com/3bf28a2e-b735-4909-8a84-b6536dc63981.jpg',1),(468,'4d91b530-1289-46ec-9216-1528c4841cf8.jpg','https://digital-booking-e7-instrumentos.s3.amazonaws.com/4d91b530-1289-46ec-9216-1528c4841cf8.jpg',1),(469,'7e8aad64-3c56-49de-9596-182b777b8ca7.jpeg','https://digital-booking-e7-instrumentos.s3.amazonaws.com/7e8aad64-3c56-49de-9596-182b777b8ca7.jpeg',1),(470,'2033c35a-24a9-4fb8-addb-5d5bef2a150f.jpg','https://digital-booking-e7-instrumentos.s3.amazonaws.com/2033c35a-24a9-4fb8-addb-5d5bef2a150f.jpg',1),(471,'d0ebf9aa-9c46-4b82-9c21-b72002b08c49.jpeg','https://digital-booking-e7-instrumentos.s3.amazonaws.com/d0ebf9aa-9c46-4b82-9c21-b72002b08c49.jpeg',1),(472,'46dcfd50-f57c-40c8-80c2-510dae3ccfe6.jpeg','https://digital-booking-e7-instrumentos.s3.amazonaws.com/46dcfd50-f57c-40c8-80c2-510dae3ccfe6.jpeg',1),(473,'36e3c425-438b-4ffb-b858-9e91f18b6255.jpeg','https://digital-booking-e7-instrumentos.s3.amazonaws.com/36e3c425-438b-4ffb-b858-9e91f18b6255.jpeg',1),(474,'d29dbecd-49cd-445c-9bdc-45f38c65e584.jpeg','https://digital-booking-e7-instrumentos.s3.amazonaws.com/d29dbecd-49cd-445c-9bdc-45f38c65e584.jpeg',1),(475,'6f9ef9a4-e3e3-4230-88aa-52535fe861b9.png','https://digital-booking-e7-instrumentos.s3.amazonaws.com/6f9ef9a4-e3e3-4230-88aa-52535fe861b9.png',1),(476,'f5795ca7-cc6f-4071-aa42-888b17b57e94.png','https://digital-booking-e7-instrumentos.s3.amazonaws.com/f5795ca7-cc6f-4071-aa42-888b17b57e94.png',1),(477,'301050d2-a5a0-455b-a927-8fc924e0d9a2.png','https://digital-booking-e7-instrumentos.s3.amazonaws.com/301050d2-a5a0-455b-a927-8fc924e0d9a2.png',1),(478,'07c2bfc6-b74f-468b-8c8c-44a8f4d88871.png','https://digital-booking-e7-instrumentos.s3.amazonaws.com/07c2bfc6-b74f-468b-8c8c-44a8f4d88871.png',1),(479,'7ea269b7-696d-436a-8307-114d91573c7f.png','https://digital-booking-e7-instrumentos.s3.amazonaws.com/7ea269b7-696d-436a-8307-114d91573c7f.png',1),(480,'4d683f0a-6cc0-4b01-905a-3339d9ea3fd1.jpg','https://digital-booking-e7-instrumentos.s3.amazonaws.com/4d683f0a-6cc0-4b01-905a-3339d9ea3fd1.jpg',1),(481,'65abf3a2-fbb9-49c9-a6af-02b93fd841d0.jpg','https://digital-booking-e7-instrumentos.s3.amazonaws.com/65abf3a2-fbb9-49c9-a6af-02b93fd841d0.jpg',1),(482,'c2a96f03-2a0d-4606-bfea-87f75350030c.jpg','https://digital-booking-e7-instrumentos.s3.amazonaws.com/c2a96f03-2a0d-4606-bfea-87f75350030c.jpg',1),(483,'7ba96ee0-5e80-4a0b-824a-7fbca3021665.jpg','https://digital-booking-e7-instrumentos.s3.amazonaws.com/7ba96ee0-5e80-4a0b-824a-7fbca3021665.jpg',1),(484,'5a8f9ad3-8a4f-4e68-94e8-acdd0e4d21b3.jpg','https://digital-booking-e7-instrumentos.s3.amazonaws.com/5a8f9ad3-8a4f-4e68-94e8-acdd0e4d21b3.jpg',1),(485,'27ce6475-ec68-4d0d-85b8-6a3dae7811f4.jpg','https://digital-booking-e7-instrumentos.s3.amazonaws.com/27ce6475-ec68-4d0d-85b8-6a3dae7811f4.jpg',1),(486,'a0d77772-a106-4055-82bf-16dcfb78a7eb.jpg','https://digital-booking-e7-instrumentos.s3.amazonaws.com/a0d77772-a106-4055-82bf-16dcfb78a7eb.jpg',1),(487,'06006fb4-5d3a-4cf4-ad00-1edcd3ce639c.jpg','https://digital-booking-e7-instrumentos.s3.amazonaws.com/06006fb4-5d3a-4cf4-ad00-1edcd3ce639c.jpg',1),(488,'0a2778fa-60b4-47ef-8cc8-7278e4cbf6c0.jpg','https://digital-booking-e7-instrumentos.s3.amazonaws.com/0a2778fa-60b4-47ef-8cc8-7278e4cbf6c0.jpg',1),(489,'57a64848-fc04-43e2-b673-f63dfaf3e7e4.jpg','https://digital-booking-e7-instrumentos.s3.amazonaws.com/57a64848-fc04-43e2-b673-f63dfaf3e7e4.jpg',1),(490,'a4f3b60b-426e-4ff7-9d03-5fe302c749a6.jpg','https://digital-booking-e7-instrumentos.s3.amazonaws.com/a4f3b60b-426e-4ff7-9d03-5fe302c749a6.jpg',1),(491,'38d5c21e-747c-4ebc-a0c4-92a57571f807.jpg','https://digital-booking-e7-instrumentos.s3.amazonaws.com/38d5c21e-747c-4ebc-a0c4-92a57571f807.jpg',1),(492,'5493f284-e197-49b1-a44d-d7cbfa60e40a.jpg','https://digital-booking-e7-instrumentos.s3.amazonaws.com/5493f284-e197-49b1-a44d-d7cbfa60e40a.jpg',1),(493,'9b022695-7afa-4a2b-83a2-4fcc398ecae8.jpg','https://digital-booking-e7-instrumentos.s3.amazonaws.com/9b022695-7afa-4a2b-83a2-4fcc398ecae8.jpg',1),(494,'fc2d4b20-1346-47fb-b1f9-d0263904b350.jpg','https://digital-booking-e7-instrumentos.s3.amazonaws.com/fc2d4b20-1346-47fb-b1f9-d0263904b350.jpg',1),(495,'49d736d7-196b-4002-bcb6-412b6f000747.jpg','https://digital-booking-e7-instrumentos.s3.amazonaws.com/49d736d7-196b-4002-bcb6-412b6f000747.jpg',1),(496,'45aa1af9-2fd8-495b-89d6-4277132dcc2c.jpg','https://digital-booking-e7-instrumentos.s3.amazonaws.com/45aa1af9-2fd8-495b-89d6-4277132dcc2c.jpg',1),(497,'46b04b97-8f62-4fcc-9326-2c87aa09c8f3.jpg','https://digital-booking-e7-instrumentos.s3.amazonaws.com/46b04b97-8f62-4fcc-9326-2c87aa09c8f3.jpg',1),(498,'7f3d5ca5-3a20-483d-b6f8-50414895a90c.jpg','https://digital-booking-e7-instrumentos.s3.amazonaws.com/7f3d5ca5-3a20-483d-b6f8-50414895a90c.jpg',1),(499,'e69c03e2-726d-4bef-a1a9-d59a78870f76.jpg','https://digital-booking-e7-instrumentos.s3.amazonaws.com/e69c03e2-726d-4bef-a1a9-d59a78870f76.jpg',1),(500,'43f1dc18-0bd0-4a1e-bf30-aeed52d3f4fb.jpg','https://digital-booking-e7-instrumentos.s3.amazonaws.com/43f1dc18-0bd0-4a1e-bf30-aeed52d3f4fb.jpg',1),(501,'d33fb646-17ba-4caf-be24-a9967fd23085.jpg','https://digital-booking-e7-instrumentos.s3.amazonaws.com/d33fb646-17ba-4caf-be24-a9967fd23085.jpg',1),(502,'bb684548-a182-4559-84e5-d6cf6e485511.jpg','https://digital-booking-e7-instrumentos.s3.amazonaws.com/bb684548-a182-4559-84e5-d6cf6e485511.jpg',1),(503,'089071b5-3c60-4951-ba9b-40760b263a94.jpg','https://digital-booking-e7-instrumentos.s3.amazonaws.com/089071b5-3c60-4951-ba9b-40760b263a94.jpg',1),(504,'c9df98c6-9745-46aa-9689-63f2a861357d.jpg','https://digital-booking-e7-instrumentos.s3.amazonaws.com/c9df98c6-9745-46aa-9689-63f2a861357d.jpg',1),(505,'557f8bac-75d1-41fd-87ff-faa39bc36838.jpg','https://digital-booking-e7-instrumentos.s3.amazonaws.com/557f8bac-75d1-41fd-87ff-faa39bc36838.jpg',1),(506,'70fc7617-3c90-46ae-a3ef-b8c095201176.jpg','https://digital-booking-e7-instrumentos.s3.amazonaws.com/70fc7617-3c90-46ae-a3ef-b8c095201176.jpg',1),(507,'60155cde-7b02-4f77-a200-1b783d5b5e61.jpg','https://digital-booking-e7-instrumentos.s3.amazonaws.com/60155cde-7b02-4f77-a200-1b783d5b5e61.jpg',1),(508,'de22f11d-1026-460f-afda-d051d052ab72.jpg','https://digital-booking-e7-instrumentos.s3.amazonaws.com/de22f11d-1026-460f-afda-d051d052ab72.jpg',1),(509,'3f96c57f-ad02-47e8-a549-8785e824275e.jpg','https://digital-booking-e7-instrumentos.s3.amazonaws.com/3f96c57f-ad02-47e8-a549-8785e824275e.jpg',1),(510,'0fe3b974-63a2-424f-9784-e5197e08dea0.jpg','https://digital-booking-e7-instrumentos.s3.amazonaws.com/0fe3b974-63a2-424f-9784-e5197e08dea0.jpg',1),(511,'eea47a76-4cb7-43da-8531-ddceccd955b8.jpg','https://digital-booking-e7-instrumentos.s3.amazonaws.com/eea47a76-4cb7-43da-8531-ddceccd955b8.jpg',1),(512,'a5e24e2e-cb5e-41a2-9299-32229201a07d.jpg','https://digital-booking-e7-instrumentos.s3.amazonaws.com/a5e24e2e-cb5e-41a2-9299-32229201a07d.jpg',1),(513,'6ab64d04-76ae-4fb4-b892-840d1080c64b.jpg','https://digital-booking-e7-instrumentos.s3.amazonaws.com/6ab64d04-76ae-4fb4-b892-840d1080c64b.jpg',1),(514,'04b0208a-5e0c-460b-ba0a-64ca54f445df.jpg','https://digital-booking-e7-instrumentos.s3.amazonaws.com/04b0208a-5e0c-460b-ba0a-64ca54f445df.jpg',1),(515,'6c9bdd5f-8ebc-4850-a864-5251f313fbb7.jpg','https://digital-booking-e7-instrumentos.s3.amazonaws.com/6c9bdd5f-8ebc-4850-a864-5251f313fbb7.jpg',1),(516,'6ffb8d64-4b09-45f5-a30e-ad8a8fe7296d.jpg','https://digital-booking-e7-instrumentos.s3.amazonaws.com/6ffb8d64-4b09-45f5-a30e-ad8a8fe7296d.jpg',1),(517,'6af52e6f-0ba2-4708-bf9f-7530cf0943a7.jpg','https://digital-booking-e7-instrumentos.s3.amazonaws.com/6af52e6f-0ba2-4708-bf9f-7530cf0943a7.jpg',1),(518,'c2c73ce2-f05d-41db-834f-fb1e2a998b68.jpg','https://digital-booking-e7-instrumentos.s3.amazonaws.com/c2c73ce2-f05d-41db-834f-fb1e2a998b68.jpg',1),(519,'2089be0e-fb5e-440a-9ba4-4a3233ad7bb5.jpg','https://digital-booking-e7-instrumentos.s3.amazonaws.com/2089be0e-fb5e-440a-9ba4-4a3233ad7bb5.jpg',1),(520,'024b3510-7ad7-4a41-8fbe-b31b95e29c43.jpg','https://digital-booking-e7-instrumentos.s3.amazonaws.com/024b3510-7ad7-4a41-8fbe-b31b95e29c43.jpg',1),(521,'8573e1ee-b9a1-4551-be79-3beb74f76e30.jpg','https://digital-booking-e7-instrumentos.s3.amazonaws.com/8573e1ee-b9a1-4551-be79-3beb74f76e30.jpg',1),(522,'77e83ba0-9246-49ed-804a-15b976e884ac.jpg','https://digital-booking-e7-instrumentos.s3.amazonaws.com/77e83ba0-9246-49ed-804a-15b976e884ac.jpg',1),(523,'3182ae6d-ca2d-492a-8f98-81367c7d2dde.jpg','https://digital-booking-e7-instrumentos.s3.amazonaws.com/3182ae6d-ca2d-492a-8f98-81367c7d2dde.jpg',1),(524,'5e0a7599-1fde-468c-95e7-cef776668ae9.jpg','https://digital-booking-e7-instrumentos.s3.amazonaws.com/5e0a7599-1fde-468c-95e7-cef776668ae9.jpg',1),(525,'01063720-11ff-46db-8d4e-75b86c96bd48.jpg','https://digital-booking-e7-instrumentos.s3.amazonaws.com/01063720-11ff-46db-8d4e-75b86c96bd48.jpg',1),(526,'9f3490c1-5e92-44b3-b153-f00020d20099.jpg','https://digital-booking-e7-instrumentos.s3.amazonaws.com/9f3490c1-5e92-44b3-b153-f00020d20099.jpg',1),(527,'562fb0f8-bfd7-4e83-bf98-01529bee6f1c.jpg','https://digital-booking-e7-instrumentos.s3.amazonaws.com/562fb0f8-bfd7-4e83-bf98-01529bee6f1c.jpg',1),(528,'72658513-9677-4279-880a-748ad2a50353.jpg','https://digital-booking-e7-instrumentos.s3.amazonaws.com/72658513-9677-4279-880a-748ad2a50353.jpg',1),(529,'d26988f2-636e-4ca9-9171-d68f0b80be9b.jpg','https://digital-booking-e7-instrumentos.s3.amazonaws.com/d26988f2-636e-4ca9-9171-d68f0b80be9b.jpg',1),(530,'f6867e10-2cd4-4f9f-9f32-f5760ef3c4d4.jpg','https://digital-booking-e7-instrumentos.s3.amazonaws.com/f6867e10-2cd4-4f9f-9f32-f5760ef3c4d4.jpg',1),(531,'f565c8c6-4770-49ea-8100-7c96c93b15e3.jpg','https://digital-booking-e7-instrumentos.s3.amazonaws.com/f565c8c6-4770-49ea-8100-7c96c93b15e3.jpg',1),(532,'2653def9-fb9a-43e0-82db-dc0ee310d8bf.jpg','https://digital-booking-e7-instrumentos.s3.amazonaws.com/2653def9-fb9a-43e0-82db-dc0ee310d8bf.jpg',1),(533,'01ae0895-2e10-4b5d-818b-be52f2f44d90.jpg','https://digital-booking-e7-instrumentos.s3.amazonaws.com/01ae0895-2e10-4b5d-818b-be52f2f44d90.jpg',1),(534,'a01e3b8f-d169-4ff1-82e9-268b13dcd3c7.jpg','https://digital-booking-e7-instrumentos.s3.amazonaws.com/a01e3b8f-d169-4ff1-82e9-268b13dcd3c7.jpg',1),(535,'7f27cd09-143a-4b15-ba76-55d881889926.jpg','https://digital-booking-e7-instrumentos.s3.amazonaws.com/7f27cd09-143a-4b15-ba76-55d881889926.jpg',1),(536,'2056df35-6ffe-448c-a21f-79547c2c7710.jpg','https://digital-booking-e7-instrumentos.s3.amazonaws.com/2056df35-6ffe-448c-a21f-79547c2c7710.jpg',1),(537,'b1bac509-7d0d-4447-bc4a-7085c458b186.jpg','https://digital-booking-e7-instrumentos.s3.amazonaws.com/b1bac509-7d0d-4447-bc4a-7085c458b186.jpg',1),(538,'076994ca-ebc4-44be-9c2a-8e64edf1e118.jpg','https://digital-booking-e7-instrumentos.s3.amazonaws.com/076994ca-ebc4-44be-9c2a-8e64edf1e118.jpg',1),(539,'705088f3-06c3-4930-a8aa-16008d7495cd.jpg','https://digital-booking-e7-instrumentos.s3.amazonaws.com/705088f3-06c3-4930-a8aa-16008d7495cd.jpg',1),(540,'8f92b667-7ef3-4b67-bc8d-2b90f9c495f9.jpg','https://digital-booking-e7-instrumentos.s3.amazonaws.com/8f92b667-7ef3-4b67-bc8d-2b90f9c495f9.jpg',1),(541,'db785447-099d-45a1-a7f9-3cfe376f7c0e.jpg','https://digital-booking-e7-instrumentos.s3.amazonaws.com/db785447-099d-45a1-a7f9-3cfe376f7c0e.jpg',1),(542,'7e952d2a-2867-4c31-a5cc-c06551c28a3c.jpg','https://digital-booking-e7-instrumentos.s3.amazonaws.com/7e952d2a-2867-4c31-a5cc-c06551c28a3c.jpg',1),(543,'3f5c5b43-eade-4fc0-86cf-55be5cccc588.jpg','https://digital-booking-e7-instrumentos.s3.amazonaws.com/3f5c5b43-eade-4fc0-86cf-55be5cccc588.jpg',1),(544,'6ab6d2fd-bf2e-4e15-bb18-ae9982f6f9d9.jpg','https://digital-booking-e7-instrumentos.s3.amazonaws.com/6ab6d2fd-bf2e-4e15-bb18-ae9982f6f9d9.jpg',1),(545,'3eb0120c-4689-41bd-a376-74696e268cd7.jpg','https://digital-booking-e7-instrumentos.s3.amazonaws.com/3eb0120c-4689-41bd-a376-74696e268cd7.jpg',1),(546,'8ee88923-b37e-46f8-9089-041278f9b5f3.jpg','https://digital-booking-e7-instrumentos.s3.amazonaws.com/8ee88923-b37e-46f8-9089-041278f9b5f3.jpg',1),(547,'079d1f75-0004-4025-90a3-b8e25ab7c867.jpg','https://digital-booking-e7-instrumentos.s3.amazonaws.com/079d1f75-0004-4025-90a3-b8e25ab7c867.jpg',1),(548,'c9864564-b32f-4963-99cc-4e23cddf858c.jpg','https://digital-booking-e7-instrumentos.s3.amazonaws.com/c9864564-b32f-4963-99cc-4e23cddf858c.jpg',1),(549,'9bb64ee2-6593-459c-bfb1-b334b4d62652.jpg','https://digital-booking-e7-instrumentos.s3.amazonaws.com/9bb64ee2-6593-459c-bfb1-b334b4d62652.jpg',1),(550,'dd20a3bd-d9a9-4f25-a09a-06b23642ce91.jpg','https://digital-booking-e7-instrumentos.s3.amazonaws.com/dd20a3bd-d9a9-4f25-a09a-06b23642ce91.jpg',1),(551,'e563a6f2-eda0-40c2-86df-203b9a46bcc4.jpg','https://digital-booking-e7-instrumentos.s3.amazonaws.com/e563a6f2-eda0-40c2-86df-203b9a46bcc4.jpg',1),(552,'5a2e00ee-c314-410c-97c4-1327e1157e1e.jpg','https://digital-booking-e7-instrumentos.s3.amazonaws.com/5a2e00ee-c314-410c-97c4-1327e1157e1e.jpg',1),(553,'79b55421-8ad8-482c-9be4-9dae5434cc98.jpg','https://digital-booking-e7-instrumentos.s3.amazonaws.com/79b55421-8ad8-482c-9be4-9dae5434cc98.jpg',1),(554,'0a28f735-1c11-4b17-8c70-ad488932ef77.jpg','https://digital-booking-e7-instrumentos.s3.amazonaws.com/0a28f735-1c11-4b17-8c70-ad488932ef77.jpg',1),(555,'ac6ce7c5-4b44-4a09-9bbc-27078ca90335.jpg','https://digital-booking-e7-instrumentos.s3.amazonaws.com/ac6ce7c5-4b44-4a09-9bbc-27078ca90335.jpg',1),(556,'5159e121-1513-4c6b-8e62-705daf7339da.jpg','https://digital-booking-e7-instrumentos.s3.amazonaws.com/5159e121-1513-4c6b-8e62-705daf7339da.jpg',1),(557,'a8f95799-dfb6-438f-8f52-028172b2f675.webp','https://digital-booking-e7-instrumentos.s3.amazonaws.com/a8f95799-dfb6-438f-8f52-028172b2f675.webp',1),(558,'b5536ca6-262f-4f05-be6f-8516df18544b.webp','https://digital-booking-e7-instrumentos.s3.amazonaws.com/b5536ca6-262f-4f05-be6f-8516df18544b.webp',1),(559,'c53daa20-d846-46e4-9354-7a3ed7043ad3.jpg','https://digital-booking-e7-instrumentos.s3.amazonaws.com/c53daa20-d846-46e4-9354-7a3ed7043ad3.jpg',1),(560,'4615f209-da63-46cd-9ac0-823e5ca4a7e7.webp','https://digital-booking-e7-instrumentos.s3.amazonaws.com/4615f209-da63-46cd-9ac0-823e5ca4a7e7.webp',1),(561,'e7ea9ab2-3861-43f2-8181-061765881273.jpg','https://digital-booking-e7-instrumentos.s3.amazonaws.com/e7ea9ab2-3861-43f2-8181-061765881273.jpg',1),(562,'8cf471ea-9811-4664-8cf1-6e24de87daae.png','https://digital-booking-e7-instrumentos.s3.amazonaws.com/8cf471ea-9811-4664-8cf1-6e24de87daae.png',1),(563,'b8d44efb-fbd5-4ef6-b442-69c39dbc4892.png','https://digital-booking-e7-instrumentos.s3.amazonaws.com/b8d44efb-fbd5-4ef6-b442-69c39dbc4892.png',1),(564,'03d2a4c4-6638-44c9-9feb-cb4da21526af.png','https://digital-booking-e7-instrumentos.s3.amazonaws.com/03d2a4c4-6638-44c9-9feb-cb4da21526af.png',1),(565,'464bb6ab-86d6-4141-9986-7e577ee544b9.png','https://digital-booking-e7-instrumentos.s3.amazonaws.com/464bb6ab-86d6-4141-9986-7e577ee544b9.png',1),(566,'a29e92a3-a99e-4d9b-a3d8-b3c5260fdda5.png','https://digital-booking-e7-instrumentos.s3.amazonaws.com/a29e92a3-a99e-4d9b-a3d8-b3c5260fdda5.png',1),(567,'1bcb34f7-4794-49f3-8d4f-4bccf7af6168.webp','https://digital-booking-e7-instrumentos.s3.amazonaws.com/1bcb34f7-4794-49f3-8d4f-4bccf7af6168.webp',1),(568,'27c417b9-c11d-4587-9486-b559c2c745ba.jpg','https://digital-booking-e7-instrumentos.s3.amazonaws.com/27c417b9-c11d-4587-9486-b559c2c745ba.jpg',1),(569,'f2d08912-660c-427d-9742-419b2879bddb.jpg','https://digital-booking-e7-instrumentos.s3.amazonaws.com/f2d08912-660c-427d-9742-419b2879bddb.jpg',1),(570,'27f93c7f-4caf-4f71-921a-5594fb16a6a8.jpg','https://digital-booking-e7-instrumentos.s3.amazonaws.com/27f93c7f-4caf-4f71-921a-5594fb16a6a8.jpg',1),(571,'f4f8d6df-fea5-4926-b546-4ca0484b9057.jpg','https://digital-booking-e7-instrumentos.s3.amazonaws.com/f4f8d6df-fea5-4926-b546-4ca0484b9057.jpg',1),(572,'dcda3d28-5a03-4baa-899d-d054e251ea14.jpg','https://digital-booking-e7-instrumentos.s3.amazonaws.com/dcda3d28-5a03-4baa-899d-d054e251ea14.jpg',1),(573,'de4eae02-87e0-4292-a9d8-6c84f8e97564.jpg','https://digital-booking-e7-instrumentos.s3.amazonaws.com/de4eae02-87e0-4292-a9d8-6c84f8e97564.jpg',1),(574,'725c576a-bff0-4b21-95c2-0e09675bb003.jpg','https://digital-booking-e7-instrumentos.s3.amazonaws.com/725c576a-bff0-4b21-95c2-0e09675bb003.jpg',1),(575,'59e56396-67b1-484f-9df7-1a1433aed0a2.jpg','https://digital-booking-e7-instrumentos.s3.amazonaws.com/59e56396-67b1-484f-9df7-1a1433aed0a2.jpg',1),(576,'03d254ca-6c93-482e-9ee9-f1d4534b3159.jpg','https://digital-booking-e7-instrumentos.s3.amazonaws.com/03d254ca-6c93-482e-9ee9-f1d4534b3159.jpg',1),(577,'5c32d022-e921-4ec3-9898-19b9571a6b41.jpg','https://digital-booking-e7-instrumentos.s3.amazonaws.com/5c32d022-e921-4ec3-9898-19b9571a6b41.jpg',1),(578,'8704bcdb-da99-4909-9e83-b6aa0d57529b.jpg','https://digital-booking-e7-instrumentos.s3.amazonaws.com/8704bcdb-da99-4909-9e83-b6aa0d57529b.jpg',1),(579,'12e12b6e-8252-4ad5-99f1-0c4538697d30.webp','https://digital-booking-e7-instrumentos.s3.amazonaws.com/12e12b6e-8252-4ad5-99f1-0c4538697d30.webp',1),(580,'b7a8ea31-4184-4371-8395-8f5ecedd6fbb.webp','https://digital-booking-e7-instrumentos.s3.amazonaws.com/b7a8ea31-4184-4371-8395-8f5ecedd6fbb.webp',1),(581,'334c59f0-f801-4613-a3da-deb614112c7e.webp','https://digital-booking-e7-instrumentos.s3.amazonaws.com/334c59f0-f801-4613-a3da-deb614112c7e.webp',1),(582,'c2aff928-64d5-420d-97f2-11605381368b.webp','https://digital-booking-e7-instrumentos.s3.amazonaws.com/c2aff928-64d5-420d-97f2-11605381368b.webp',1),(583,'307ed0bd-85ae-4817-b8b4-4fabcf966363.webp','https://digital-booking-e7-instrumentos.s3.amazonaws.com/307ed0bd-85ae-4817-b8b4-4fabcf966363.webp',1),(584,'2ef37783-7fe6-450e-b28f-4a34b2f1bfd5.webp','https://digital-booking-e7-instrumentos.s3.amazonaws.com/2ef37783-7fe6-450e-b28f-4a34b2f1bfd5.webp',1),(585,'d94e1698-3f11-46cd-8514-c5d779a168d3.webp','https://digital-booking-e7-instrumentos.s3.amazonaws.com/d94e1698-3f11-46cd-8514-c5d779a168d3.webp',1),(586,'f41bce6d-5fa8-4e58-ae15-1908be8aa5f3.webp','https://digital-booking-e7-instrumentos.s3.amazonaws.com/f41bce6d-5fa8-4e58-ae15-1908be8aa5f3.webp',1),(587,'77bfb9fa-4351-43a6-8001-af7193de3814.webp','https://digital-booking-e7-instrumentos.s3.amazonaws.com/77bfb9fa-4351-43a6-8001-af7193de3814.webp',1),(588,'a4c71f62-d4b5-404d-a65f-067d36cac3d8.webp','https://digital-booking-e7-instrumentos.s3.amazonaws.com/a4c71f62-d4b5-404d-a65f-067d36cac3d8.webp',1),(589,'72efd3fd-d73d-4268-8a6d-286e1aeb29eb.webp','https://digital-booking-e7-instrumentos.s3.amazonaws.com/72efd3fd-d73d-4268-8a6d-286e1aeb29eb.webp',1),(590,'339124d0-54f0-4576-9542-73c66333f407.webp','https://digital-booking-e7-instrumentos.s3.amazonaws.com/339124d0-54f0-4576-9542-73c66333f407.webp',1),(591,'0e724c18-95fb-41da-ab2b-d3503d7582ca.webp','https://digital-booking-e7-instrumentos.s3.amazonaws.com/0e724c18-95fb-41da-ab2b-d3503d7582ca.webp',1),(592,'390b020f-cff5-4eb9-a444-98269fbf4db6.webp','https://digital-booking-e7-instrumentos.s3.amazonaws.com/390b020f-cff5-4eb9-a444-98269fbf4db6.webp',1),(593,'07d46e48-2dee-4e89-884a-9e809d0c62c8.webp','https://digital-booking-e7-instrumentos.s3.amazonaws.com/07d46e48-2dee-4e89-884a-9e809d0c62c8.webp',1),(594,'5a36f816-8adc-4a4e-b600-ff20a01f3031.webp','https://digital-booking-e7-instrumentos.s3.amazonaws.com/5a36f816-8adc-4a4e-b600-ff20a01f3031.webp',1),(595,'cc3dd54f-d3eb-4b25-9e66-9194a412e4a4.webp','https://digital-booking-e7-instrumentos.s3.amazonaws.com/cc3dd54f-d3eb-4b25-9e66-9194a412e4a4.webp',1),(596,'ec159077-16ff-4a03-ad00-9f599d3e4400.webp','https://digital-booking-e7-instrumentos.s3.amazonaws.com/ec159077-16ff-4a03-ad00-9f599d3e4400.webp',1),(597,'ec660642-80d1-4363-81f3-bd91019f5f4d.webp','https://digital-booking-e7-instrumentos.s3.amazonaws.com/ec660642-80d1-4363-81f3-bd91019f5f4d.webp',1),(598,'ec23c297-e4f2-4797-adda-817d47866337.webp','https://digital-booking-e7-instrumentos.s3.amazonaws.com/ec23c297-e4f2-4797-adda-817d47866337.webp',1),(599,'e7f3969c-b6f3-4999-8261-00eab0430b5a.webp','https://digital-booking-e7-instrumentos.s3.amazonaws.com/e7f3969c-b6f3-4999-8261-00eab0430b5a.webp',1),(600,'d733f6b2-ad55-4918-a9aa-1075fb20263a.webp','https://digital-booking-e7-instrumentos.s3.amazonaws.com/d733f6b2-ad55-4918-a9aa-1075fb20263a.webp',1),(601,'fdfa4ea6-c2c2-4557-a5f2-b0042e05fcf4.webp','https://digital-booking-e7-instrumentos.s3.amazonaws.com/fdfa4ea6-c2c2-4557-a5f2-b0042e05fcf4.webp',1),(602,'3a627817-db85-4cdf-8374-2e582477b6ba.webp','https://digital-booking-e7-instrumentos.s3.amazonaws.com/3a627817-db85-4cdf-8374-2e582477b6ba.webp',1),(603,'bce4425b-af90-4bf0-82be-b70069b8498b.webp','https://digital-booking-e7-instrumentos.s3.amazonaws.com/bce4425b-af90-4bf0-82be-b70069b8498b.webp',1),(604,'3edb611d-2cdc-4d5e-9303-ae4e389cefe0.webp','https://digital-booking-e7-instrumentos.s3.amazonaws.com/3edb611d-2cdc-4d5e-9303-ae4e389cefe0.webp',1),(605,'396555d8-7b35-4af1-90cc-846094799be0.webp','https://digital-booking-e7-instrumentos.s3.amazonaws.com/396555d8-7b35-4af1-90cc-846094799be0.webp',1),(606,'d776136c-f83e-421e-bd04-d32202d1b96e.webp','https://digital-booking-e7-instrumentos.s3.amazonaws.com/d776136c-f83e-421e-bd04-d32202d1b96e.webp',1),(607,'2d78c073-676c-4e43-852f-34d8016a2912.webp','https://digital-booking-e7-instrumentos.s3.amazonaws.com/2d78c073-676c-4e43-852f-34d8016a2912.webp',1),(608,'eb4eba8e-e557-474b-a364-47d6e5339680.webp','https://digital-booking-e7-instrumentos.s3.amazonaws.com/eb4eba8e-e557-474b-a364-47d6e5339680.webp',1),(609,'4aff5ac0-faac-4fef-a9e6-cfcd13c465f3.webp','https://digital-booking-e7-instrumentos.s3.amazonaws.com/4aff5ac0-faac-4fef-a9e6-cfcd13c465f3.webp',1),(610,'ba6cce6e-ce4b-4648-ae64-bd67980e633d.jpeg','https://digital-booking-e7-instrumentos.s3.amazonaws.com/ba6cce6e-ce4b-4648-ae64-bd67980e633d.jpeg',1),(611,'7080fd73-4abe-4162-85dd-adc302688313.webp','https://digital-booking-e7-instrumentos.s3.amazonaws.com/7080fd73-4abe-4162-85dd-adc302688313.webp',1),(612,'cccb051d-59fa-43eb-b0a8-6561ca9d6ebe.webp','https://digital-booking-e7-instrumentos.s3.amazonaws.com/cccb051d-59fa-43eb-b0a8-6561ca9d6ebe.webp',1),(613,'8772575c-dcea-43f5-8abf-602f3d67ce0c.webp','https://digital-booking-e7-instrumentos.s3.amazonaws.com/8772575c-dcea-43f5-8abf-602f3d67ce0c.webp',1),(614,'5482f4df-0bc4-4419-ba5d-c27149ff4f5d.webp','https://digital-booking-e7-instrumentos.s3.amazonaws.com/5482f4df-0bc4-4419-ba5d-c27149ff4f5d.webp',1),(615,'d5a224df-2d5c-458f-8eb2-aef3c9071987.webp','https://digital-booking-e7-instrumentos.s3.amazonaws.com/d5a224df-2d5c-458f-8eb2-aef3c9071987.webp',1),(616,'dd8a6bf2-9ffb-4283-a072-ba5ac0743d19.webp','https://digital-booking-e7-instrumentos.s3.amazonaws.com/dd8a6bf2-9ffb-4283-a072-ba5ac0743d19.webp',1),(617,'32b65089-a0ae-4a9c-9230-b8d34d7ab2b7.webp','https://digital-booking-e7-instrumentos.s3.amazonaws.com/32b65089-a0ae-4a9c-9230-b8d34d7ab2b7.webp',1),(618,'858b6933-2328-4a25-9e14-0667f6464269.webp','https://digital-booking-e7-instrumentos.s3.amazonaws.com/858b6933-2328-4a25-9e14-0667f6464269.webp',1),(619,'ae35c28e-99aa-442a-bcf7-322a65e08803.webp','https://digital-booking-e7-instrumentos.s3.amazonaws.com/ae35c28e-99aa-442a-bcf7-322a65e08803.webp',1),(620,'c2aa7986-937f-4a56-beaa-5c06c4a42a00.webp','https://digital-booking-e7-instrumentos.s3.amazonaws.com/c2aa7986-937f-4a56-beaa-5c06c4a42a00.webp',1),(621,'29f43273-d2af-413b-a784-19f78d30cadc.webp','https://digital-booking-e7-instrumentos.s3.amazonaws.com/29f43273-d2af-413b-a784-19f78d30cadc.webp',1),(622,'1e0328de-48ac-442b-b81d-8d4ad5568f33.webp','https://digital-booking-e7-instrumentos.s3.amazonaws.com/1e0328de-48ac-442b-b81d-8d4ad5568f33.webp',1),(623,'7b458ad1-b05b-422a-8b15-349afb368d3f.webp','https://digital-booking-e7-instrumentos.s3.amazonaws.com/7b458ad1-b05b-422a-8b15-349afb368d3f.webp',1),(624,'5acbb51f-d1d4-49af-b5fa-fbc9a41f941c.webp','https://digital-booking-e7-instrumentos.s3.amazonaws.com/5acbb51f-d1d4-49af-b5fa-fbc9a41f941c.webp',1),(625,'f8e83656-373e-4e74-bc3b-4bae5ff317f7.webp','https://digital-booking-e7-instrumentos.s3.amazonaws.com/f8e83656-373e-4e74-bc3b-4bae5ff317f7.webp',1),(626,'9c5ec3c1-8850-47f2-8457-003039f13fc3.webp','https://digital-booking-e7-instrumentos.s3.amazonaws.com/9c5ec3c1-8850-47f2-8457-003039f13fc3.webp',1),(627,'01443c54-fb22-4a09-969b-1cf5d77346e4.webp','https://digital-booking-e7-instrumentos.s3.amazonaws.com/01443c54-fb22-4a09-969b-1cf5d77346e4.webp',1),(628,'7cca7f45-7936-4666-a6fd-802f35fac310.webp','https://digital-booking-e7-instrumentos.s3.amazonaws.com/7cca7f45-7936-4666-a6fd-802f35fac310.webp',1),(629,'61b78175-50f6-4a4e-8f15-1ad578b4f477.webp','https://digital-booking-e7-instrumentos.s3.amazonaws.com/61b78175-50f6-4a4e-8f15-1ad578b4f477.webp',1),(630,'24ec765a-eb5a-469e-a3af-a41d6eb46bce.jpg','https://digital-booking-e7-instrumentos.s3.amazonaws.com/24ec765a-eb5a-469e-a3af-a41d6eb46bce.jpg',1),(631,'cdf442f9-811c-4dd5-991c-f37ef89a1c27.webp','https://digital-booking-e7-instrumentos.s3.amazonaws.com/cdf442f9-811c-4dd5-991c-f37ef89a1c27.webp',1),(632,'bcdd5c64-5a0a-4513-9e6b-24ae5972e01c.webp','https://digital-booking-e7-instrumentos.s3.amazonaws.com/bcdd5c64-5a0a-4513-9e6b-24ae5972e01c.webp',1),(633,'31bdc621-0183-495e-9691-2356232ce634.webp','https://digital-booking-e7-instrumentos.s3.amazonaws.com/31bdc621-0183-495e-9691-2356232ce634.webp',1),(634,'0220fc29-b7a6-40b2-acf9-58bd2138bdb4.webp','https://digital-booking-e7-instrumentos.s3.amazonaws.com/0220fc29-b7a6-40b2-acf9-58bd2138bdb4.webp',1),(635,'b8ff50ac-79ca-4b49-a0dc-20aa4ea6b920.webp','https://digital-booking-e7-instrumentos.s3.amazonaws.com/b8ff50ac-79ca-4b49-a0dc-20aa4ea6b920.webp',1),(636,'de79b5b8-9b54-40d0-927a-c0e69493dc66.webp','https://digital-booking-e7-instrumentos.s3.amazonaws.com/de79b5b8-9b54-40d0-927a-c0e69493dc66.webp',1),(637,'2d9b85d0-11d1-4ddc-9d8d-4f77e0f15cab.webp','https://digital-booking-e7-instrumentos.s3.amazonaws.com/2d9b85d0-11d1-4ddc-9d8d-4f77e0f15cab.webp',1),(638,'1920163d-b1b9-4c23-818e-b87485e69745.webp','https://digital-booking-e7-instrumentos.s3.amazonaws.com/1920163d-b1b9-4c23-818e-b87485e69745.webp',1),(639,'57d88690-7a8a-43f9-93cc-233232dcee30.webp','https://digital-booking-e7-instrumentos.s3.amazonaws.com/57d88690-7a8a-43f9-93cc-233232dcee30.webp',1),(640,'1697986a-42f8-4012-b8c2-17f25ee143d4.webp','https://digital-booking-e7-instrumentos.s3.amazonaws.com/1697986a-42f8-4012-b8c2-17f25ee143d4.webp',1),(641,'be96e053-5f6b-4f23-b0c2-ee7c15759265.jpg','https://digital-booking-e7-instrumentos.s3.amazonaws.com/be96e053-5f6b-4f23-b0c2-ee7c15759265.jpg',1),(642,'a5331c9e-2dd6-4565-9c2f-5b5269a7694c.png','https://digital-booking-e7-instrumentos.s3.amazonaws.com/a5331c9e-2dd6-4565-9c2f-5b5269a7694c.png',1),(643,'7ccf84af-03e2-4421-83fc-c4c09dc8ecf8.jpg','https://digital-booking-e7-instrumentos.s3.amazonaws.com/7ccf84af-03e2-4421-83fc-c4c09dc8ecf8.jpg',1),(644,'9feab2c2-f532-4e0b-a9ef-03c5a901298e.png','https://digital-booking-e7-instrumentos.s3.amazonaws.com/9feab2c2-f532-4e0b-a9ef-03c5a901298e.png',1),(645,'a56842ba-216e-47ba-a816-bfbb8250e75a.jpg','https://digital-booking-e7-instrumentos.s3.amazonaws.com/a56842ba-216e-47ba-a816-bfbb8250e75a.jpg',1),(646,'9a8959e6-f610-4a65-8d14-d4f354a35bf2.png','https://digital-booking-e7-instrumentos.s3.amazonaws.com/9a8959e6-f610-4a65-8d14-d4f354a35bf2.png',1),(647,'03d2be15-5171-4b40-ba0b-75265e776076.png','https://digital-booking-e7-instrumentos.s3.amazonaws.com/03d2be15-5171-4b40-ba0b-75265e776076.png',1),(648,'2c81a754-ba1e-4e1e-bf6b-0d62eae98d15.png','https://digital-booking-e7-instrumentos.s3.amazonaws.com/2c81a754-ba1e-4e1e-bf6b-0d62eae98d15.png',1),(649,'4ce0cb15-01ed-45e1-b265-d7073f4276f4.png','https://digital-booking-e7-instrumentos.s3.amazonaws.com/4ce0cb15-01ed-45e1-b265-d7073f4276f4.png',1),(650,'49591da0-03f7-4961-9eb6-fe7414bc86ad.webp','https://digital-booking-e7-instrumentos.s3.amazonaws.com/49591da0-03f7-4961-9eb6-fe7414bc86ad.webp',1),(651,'d53ec673-91ca-481f-ac4f-f35fe487062a.webp','https://digital-booking-e7-instrumentos.s3.amazonaws.com/d53ec673-91ca-481f-ac4f-f35fe487062a.webp',1),(652,'6a2f937d-f049-44b1-ba4e-28e54711404a.webp','https://digital-booking-e7-instrumentos.s3.amazonaws.com/6a2f937d-f049-44b1-ba4e-28e54711404a.webp',1),(653,'0264f77d-f752-4277-a9b5-6a5c73756f6f.webp','https://digital-booking-e7-instrumentos.s3.amazonaws.com/0264f77d-f752-4277-a9b5-6a5c73756f6f.webp',1),(654,'9f1eb172-9156-4f61-b18b-e6b64f82d131.webp','https://digital-booking-e7-instrumentos.s3.amazonaws.com/9f1eb172-9156-4f61-b18b-e6b64f82d131.webp',1),(655,'57da20cd-90ba-4a63-b2f7-ae2e2fd2fe09.webp','https://digital-booking-e7-instrumentos.s3.amazonaws.com/57da20cd-90ba-4a63-b2f7-ae2e2fd2fe09.webp',1),(656,'7e819f99-dec9-4f3c-a966-f491fefdb2e3.webp','https://digital-booking-e7-instrumentos.s3.amazonaws.com/7e819f99-dec9-4f3c-a966-f491fefdb2e3.webp',1),(657,'371a1d8d-0f23-47a4-a497-ff6fb95c052e.webp','https://digital-booking-e7-instrumentos.s3.amazonaws.com/371a1d8d-0f23-47a4-a497-ff6fb95c052e.webp',1),(658,'b81e05e1-dd33-4a8d-8c5c-7d36bafaf333.webp','https://digital-booking-e7-instrumentos.s3.amazonaws.com/b81e05e1-dd33-4a8d-8c5c-7d36bafaf333.webp',1),(659,'8050204f-cec8-4c97-8cb1-041783f9c2de.webp','https://digital-booking-e7-instrumentos.s3.amazonaws.com/8050204f-cec8-4c97-8cb1-041783f9c2de.webp',1),(660,'c4f9a65b-560e-4be9-bd72-68a87e288292.webp','https://digital-booking-e7-instrumentos.s3.amazonaws.com/c4f9a65b-560e-4be9-bd72-68a87e288292.webp',1);

DROP TABLE IF EXISTS categorias;
CREATE TABLE categorias (
  idCategoria int NOT NULL AUTO_INCREMENT,
  codigo varchar(10) NOT NULL,
  nombre varchar(100) NOT NULL,
  fechaCreacion datetime NOT NULL,
  indicadorHabilitado tinyint(1) NOT NULL,
  idImagen int DEFAULT NULL,
  descripcion varchar(200) NOT NULL,
  PRIMARY KEY (idCategoria),
  UNIQUE KEY codigo_UNIQUE (codigo),
  KEY fk_categorias_imagenes1_idx (idImagen),
  CONSTRAINT fk_categorias_imagenes1 FOREIGN KEY (idImagen) REFERENCES imagenes (idImagen)
);
INSERT INTO categorias VALUES (1,'AUDIO','Audio','2023-05-12 16:59:22',1,11,'Elementos de utilidad pensados para las necesidades bsicas de los msicos.'),(2,'PERCUS','Percusin','2023-05-12 18:01:48',1,12,'Suena al ser golpeado, agitado o raspado por algn accesorio incluyendo batidores adjuntos o cerrados o sonajeros golpea'),(3,'CUERDA','Cuerda','2023-05-12 18:01:48',1,13,'Producen sonidos por medio de las vibraciones de cuerdas, usualmente amplificadas por medio de una caja de resonancia.'),(4,'VIENTO','Viento','2023-05-12 18:01:48',1,14,'Producen el sonido por la vibracin del contenido de aire en su interior, sin necesidad de cuerdas o membranas.'),(9,'ESTUINST','Estuches','2023-05-27 15:45:34',1,230,'Estuches pensados para intrumentos'),(10,'SA','Soportes y atriles','2023-05-28 23:42:35',1,240,'Soportes y atriles para teclados, partituras, estructuras para parlantes, etc.'),(17,'Luces','Luces','2023-05-30 07:28:52',1,253,'Luces y reflectores,  ideales para llenar de luz para espacios exteriores grandes como esculturas, sealizaciones, canchas, jardines, entre otros'),(28,'bat','Baterias','2023-06-02 02:08:17',1,561,'Baterias diversas'),(29,'cab','Cables','2023-06-02 23:11:09',1,567,'Cables de diferente tipo'),(36,'cons','Consolas','2023-06-19 23:44:31',1,655,'Consolas variadas');

DROP TABLE IF EXISTS provincias;
CREATE TABLE provincias (
  idProvincia int NOT NULL AUTO_INCREMENT,
  provincia varchar(100) NOT NULL,
  indicadorHabilitado tinyint(1) NOT NULL,
  PRIMARY KEY (idProvincia)
);
INSERT INTO provincias VALUES (16,'Buenos Aires',1),(17,'Catamarca',1),(18,'Chaco',1),(19,'Chubut',1),(20,'Crdoba',1),(21,'Corrientes',1),(22,'Entre Ros',1),(23,'Formosa',1),(24,'Jujuy',1),(25,'La Pampa',1),(26,'La Rioja',1),(27,'Mendoza',1),(28,'Misiones',1),(29,'Neuqun',1),(30,'Ro Negro',1),(31,'Salta',1),(32,'San Juan',1),(33,'San Luis',1),(34,'Santa Cruz',1),(35,'Santa Fe',1),(36,'Santiago del Estero',1),(37,'Tierra del Fuego',1),(38,'Tucumn',1),(39,'Ciudad Autnoma de Buenos Aires',1);

DROP TABLE IF EXISTS ciudades;
CREATE TABLE ciudades (
  idCiudad int NOT NULL AUTO_INCREMENT,
  idProvincia int NOT NULL,
  ciudad varchar(150) NOT NULL,
  indicadorHabilitado tinyint(1) DEFAULT NULL,
  PRIMARY KEY (idCiudad),
  KEY fk_ciudades_provincias1_idx (idProvincia),
  CONSTRAINT fk_ciudades_provincias1 FOREIGN KEY (idProvincia) REFERENCES provincias (idProvincia)
);
INSERT INTO ciudades VALUES (16,20,'Crdoba',1),(19,27,'Mendoza',1),(20,38,'San Miguel de Tucumn',1),(21,29,'Neuqun',1),(94,28,'Posadas',0),(95,25,'Santa Rosa',1),(96,24,'San Salvador de Jujuy',1),(97,18,'resistencia',0),(98,20,'La Calera',0),(99,37,'Ushuaia',0),(100,20,'San antonio de arredondo',1),(101,20,'San antonio de arredondo',1),(102,20,'San antonio de arredondo',1),(103,20,'San antonio de arredondo',1),(104,25,'Santa Rosa',1),(105,18,'Resistencia',1),(106,37,'Ushuaia',1),(107,20,'La Calera',1),(108,28,'Posadas',1),(109,28,'Posadas',1),(110,20,'San Antonio de Arredondo',1),(111,20,'San antonio de arredondo',1),(112,26,'La Rioja',1),(113,26,'chaco',1),(114,26,'chaco',1),(115,26,'chaco',1),(116,26,'chaco',1);

DROP TABLE IF EXISTS persona;
CREATE TABLE persona (
  idPersona int NOT NULL AUTO_INCREMENT,
  nombre varchar(50) NOT NULL,
  apellido varchar(50) DEFAULT NULL,
  correo varchar(200) NOT NULL,
  indicadorHabilitado tinyint(1) NOT NULL,
  PRIMARY KEY (idPersona),
  UNIQUE KEY correo_UNIQUE (correo)
);
INSERT INTO persona VALUES (9,'Lau','Florez','lau@correo.edu',1),(10,'Melissa','Tellez','meli@correo.com',1),(11,'Ricardo','Duran','richi@correo.com',1),(12,'Sai','Perez','ricnnhi@correo.com',1),(13,'Test','Finoooooooooooo','test@correo.com',1),(14,'Test','Finalicimo','test2@correo.com',1),(15,'Test','Finalicimooooo','test3@correo.com',1),(16,'testing','Fin','test4@correo.com',1),(17,'maria','mariana','maris@mail.com',1),(18,'maria','maris','mariita@mail.com',1),(19,'laura','lauris','lau@mail.com',1),(21,'Admin','Admin','admin@dh.com',1),(22,'Ivana','Kowalczuk','ivanakowalczuk@gmail.com',1),(23,'Ivana','Kowalczuk','ivanakowal@gmail.com',1),(24,'elicita','elips','elicita@mail.com',1),(25,'Ivana','kowalczuk','ivana@gmail.com',1),(26,'Ivana','kowal','ivanakowal@hotmail.com',1),(27,'Tom','Hardy','th@gm.com',1),(28,'Harry','Montenegro','hjm@gmail.com',1),(30,'Luis','Diaz','ldiaz@gm.com',1),(31,'daniel','danielo','daniel@mail.com',1),(32,'felipe','felipee','felipe@mail.com',1),(33,'laura','lauraa','lauraa@mail.com',1),(34,'dairo','dairoo','dairo@mail.com',1),(35,'Rane','Descartes','rene_descartes@test.com',1),(36,'Rane','Descartes','rene_descartes2@test.com',1),(37,'Rane','Descartes','rene_descartes3@test.com',1),(38,'eduar','eduarr','eduar@mail.com',1),(39,'sandrita','sandritaa','sandrita@mail.com',1),(40,'Test','Registro','test-registro@test.com',1),(41,'Tester','Uno','pruebadigitalh@gmail.com',1),(42,'Mel','Pepa','mevalcgmail.com',1),(43,'asdf','asdf','harrypottergmail.com',1),(44,'Pepio','Poplo','melascom',1),(46,'Claudio','Schiappa','ema_schiappa88@o.ar',1),(48,'loi','loi','ivikow@gmail.com',1),(49,'Sandra','Tochoy','sandratochoy@gmail.com',1),(50,'sandraaa','sandraaaa','sandraaaa@mail.com',1),(51,'Karla','Torres','karla@dh.com',1),(52,'pepita','pepito','pepita@',1),(53,'Luis','Diaz','webmaster@gmail.com',1),(54,'Abraham','Gabriel','harryjmsdsd018@hotmail.com',1),(55,'pepitus','pepituus','pepitus@mail.com',1),(56,'prueba','pruebaa','prueba@mail.com',1),(57,'Carlos','Garcia','harryjm018@hotmail.com',1),(58,'pruebamil','pruebamiluno','pruebamil@mail.com',1),(59,'mia','miaa','mia@mail.com',1),(60,'pruebaa','pruebaaa','pruebaaa@',1),(61,'andres','andress','andres@maill.com',1),(62,'hola','holaa','holaa@mail.com',1),(63,'francisca','FRANCIS','francisca@mail.com',1),(64,'elicitap','elicitapp','elicitapp@mail.com',1),(65,'Jennifer','Mesa','jennifermesamar2@hotmail.com',1),(66,'Meliss','Pol','mel@gmail.com',1),(67,'MelPrueba','Pule','pruebatest@gmail.com',1),(68,'Claudio Emanuel','Schiappa','ema_schiappa88@outlook.com.ar',1),(69,'Ivi','Kowal','ivik@iresm.edu.ar',1),(70,'sol','gonzales','sol@gmail.com',1),(71,'Ivana','Luna','ivi@gmail.com',1),(73,'Emanuel','Schiappa','electricistagasistamatriculado@gmail.com',1),(75,'Jennifer','Mesa','pruebadh@yopmail.com',1),(76,'Jennifer','Mesa','pruebadh1@yopmail.com',1),(77,'Pedro','Funes','pedrofunes@gmail.com',1),(78,'Juan','Pepe','juanpepe@gmail.com',1),(79,'Santina','perez','santinaperez@gmail.com',1),(80,'Admin','Test 2','admin2@dh.com',1),(81,'Cliente','Test 2','cliente@dh.com',1),(82,'Cliente','Test 3','cliente2@dh.com',1),(91,'Jennifer','Mesa','pruebadh2@yopmail.com',1),(92,'Claudio','Schiappa','ema@gmail.com',1),(93,'Claudio','Schiappa','ema_schiappa@gmail.com',1),(94,'Jazmin','Perez','jazminperez@gmail.com',1),(95,'Pepe','Pepe','pepe@yahoo.com.es',1),(96,'Pepe','Pepe','pepe@yahoo.com.ar',1),(97,'luus','Aparicio','luus@gmail.com',1),(98,'carlos','alalal','carlosgagaga@gmail.com',1),(99,'ssdsdsd','sdsdsdsd','sdsdsdsdsdd@gmail.com',1),(100,'Pepe','Pepe','pepe@gmail.com',1),(101,'dddd','ddd','ddddd@gmail.com',1),(102,'sss','ssss','sss@gmail.com',1),(103,'gggg','ggggg','gggg@ssss.com',1),(104,'wwww','wwwww','wwww@gmail.com',1),(105,'ffff','ffffff','fffff@gmail.com',1),(106,'asasasasasqqweqe','weqwdqwdqwdqwd','sdsdqwqwdqwd@gmail.com',1),(107,'dddd','dddddd','ddddd@ddd.com',1),(108,'dddd','ddddd','ddd@gmail.com',1),(109,'Jennifer','Mesa','pruebadh3@yopmail.com',1),(110,'gfdgf','gfdfdgf','pruebade@gmail.com',1),(111,'prueba','prueba','coreeo@gmail.com',1),(112,'prueba dos','prueba','correo@gmail.com',1),(113,'prueba tres','pruebatres','prueba@gmail.com',1),(114,'prueba tres','preuba','pruebatres@gamil.com',1),(115,'preuba','prueba','preuba@gmail.com',1),(116,'pruebafinal','pruebafinal','pruebafinal@gmail.com',1),(117,'Equipo','siete','equipo7@gmail.com',1),(118,'myke','towers','myke@towers.com',1),(119,'Luca','Pullol','pullon.c@gmail.com',1),(122,'Sonia','Pea','sonia.p@gmail.com',1),(123,'','','eliana.murillo@optimaee.com',1),(124,'','','holaaaaa@hi.com',1),(125,'Juliana','Luca','juli.luca@gmail.com',1),(126,'Paula','Mora','pruebadh6@yopmail.com',1),(127,'Paula','Gomez','pruebadh7@yopmail.com',1),(128,'Maria','Mora','pruebadh8@yopmail.com',1),(129,'hola','holaa','holaa@maill.com',1),(130,'pruebafinaal','pruebafinaal','pruebafinaal@mail.com',1),(131,'hiii','hiii','hiii@mail.com',1),(132,'perla','perlita','perlita@mail.com',1),(133,'testcasifinal','testcasifinal','testcasifinal@mail.com',1),(134,'Eliana','Murillo','elianamuri23@gmail.com',1),(135,'Eliana','Murillo','elianamuri3@gmail.com',1),(136,'Eliana','Murillo','elianamur@gmail.com',1),(137,'Eliana','Murillo','elianmur@gmail.com',1),(138,'Eliana','Murillo','eliannur@gmail.com',1),(139,'Eliana','Murillo','eliannur@gail.com',1),(140,'Eliana','Murillo','eliannu@gail.com',1),(141,'Eliana','Murillo','eliau@gail.com',1),(142,'Eliana','Murillo','elinnau@gail.com',1),(143,'Jennifer','Mesa','pruebadh9@yopmail.com',1),(144,'Jennifer','Mesa','pruebadh10@yopmail.com',1),(145,'Sara','Mora','pruebadh12@yopmail.com',1),(146,'Lucia','Mora','pruebadh13@yopmail.com',1),(147,'Eugenio','Diaz','4f2c616e1f@mymaily.lol',1),(148,'Sonia','Pea','coral.pa@yopmail.com',1),(149,'Eliana','Murillo','elinnaau@gail.com',1),(150,'Eliana','Murillo','elinnaau@gamil.com',1),(151,'Eliana','Murillo','sa@gamil.com',1),(152,'Eliana','Murillo','elianamur213@gmail.com',1),(153,'eafsds','sdas','elianamuri213@gmail.com',1),(154,'Pepita','Amaldonado','pepita@gmail.com',1),(155,'Rut','Lea','trihoussetedou-6807@yopmail.com',1),(156,'Felipe','Mora','pruebadh14@yopmail.com',1),(157,'Ivana','Funes','ivanafunes1@gmail.com',1),(158,'Melissa','Lola','lol@yopmail.com',1),(159,'Felipe','Mora','pruebadh20@yopmail.com',1),(160,'tester','dos','tarilil936@byorby.com',1),(165,'Jennifer','Mesa','testdraiven@yopmail.com',1),(166,'Maria','Mora','testdh30@yopmail.com',1),(167,'Patricio','Velez','testdh31@yopmail.com',1),(168,'Prueba','tres','tareri2144@fulwark.com',1);

DROP TABLE IF EXISTS roles;
CREATE TABLE roles (
  idRol int NOT NULL AUTO_INCREMENT,
  codigo varchar(20) NOT NULL,
  nombre varchar(100) NOT NULL,
  indicadorHabilitado tinyint(1) NOT NULL,
  PRIMARY KEY (idRol),
  UNIQUE KEY codigo_rol_UNIQUE (codigo)
);
INSERT INTO roles VALUES (1,'ADMIN','ADMIN',1),(2,'CLIENTE','CLIENTE',1);

DROP TABLE IF EXISTS usuarios;
CREATE TABLE usuarios (
  idUsuario int NOT NULL AUTO_INCREMENT,
  usuario varchar(50) NOT NULL,
  contrasenia varchar(150) NOT NULL,
  idPersona int NOT NULL DEFAULT '0',
  indicadorHabilitado tinyint(1) NOT NULL,
  idRol int NOT NULL DEFAULT '2',
  verificado int DEFAULT NULL,
  tokenValidacionCorreo varchar(36) DEFAULT NULL,
  fechaExpiracionToken datetime DEFAULT NULL,
  PRIMARY KEY (idUsuario),
  UNIQUE KEY usuario_UNIQUE (usuario),
  KEY fk_usuarios_persona1_idx (idPersona),
  KEY fk_usuarios_roles1_idx (idRol),
  CONSTRAINT fk_usuarios_persona1 FOREIGN KEY (idPersona) REFERENCES persona (idPersona),
  CONSTRAINT fk_usuarios_roles1 FOREIGN KEY (idRol) REFERENCES roles (idRol)
);
INSERT INTO usuarios VALUES (2,'lau@correo.edu','$2a$10$hRHFk4BXh2x2Q3P3sUzK5ulebhu1kzQPubfi6pA5Vzy9cPPqaFqFe',9,1,2,0,NULL,NULL),(3,'meli@correo.com','$2a$10$zwEQTTBeE5FmpS4doAE5G.t.ChQPSejIkDEwqKZnHXoWVdgABQXLW',10,0,1,1,NULL,NULL),(4,'richi@correo.com','$2a$10$YPuI69hgBadzAwOnYYUcEOf0zx5ISDVE1DTPV7V1mYFFBAM0jTvQa',11,0,1,0,NULL,NULL),(5,'ricnnhi@correo.com','$2a$10$nYRzC8NsyASUI.NOpgyTKONSYQqNfwD5YTwb038VwuWul1trVcmxK',12,0,2,0,NULL,NULL),(6,'test@correo.com','$2a$10$Uo9pzSGRvTgWrisrAkjD0OLq4G685Y0W2pbiCj4zlDpYOljhvyGMC',13,1,1,0,NULL,NULL),(7,'test2','$2a$10$RRPQTLCwgF4.st/6EdizH.xqw39CY5AUxwvcHpdMMLGsqw6V.IFMy',14,0,2,0,NULL,NULL),(8,'test3@correo.com','$2a$10$T1NRlow53lAuXJWBWWtk.uWLh2TGIN6VRak7BPrl/TsnkmB3VGJ5G',15,1,2,0,NULL,NULL),(9,'test4@correo.com','$2a$10$h94j7le7cEVT2aDLoi3jie1bCTL.E4oT8dkq0I3WQpdejmG4jrpM6',16,1,2,0,NULL,NULL),(10,'maris@mail.com','$2a$10$KDNAIE1mRt/IPxkt0PBUmOLcLBjcQ/Z/pR0AKuK3n9GymGUXjiQrW',17,0,2,1,NULL,NULL),(11,'mariita@mail.com','$2a$10$Jqu6e4cMfEv5TW0H4h5cOOxGgWq87wwUNn4auiyUxBgMDHQtBxreu',18,1,1,0,NULL,NULL),(12,'lau@mail.com','$2a$10$XGa5Lzy3LXsA1iDSzBNmYOUks5f521hU.pdNg3Esr2CUuQ.E7H.56',19,1,2,0,NULL,NULL),(13,'admin@dh.com','$2a$10$Ci43RbTUGgpzZjERS0ytyOVVoS8jSqDlIOWhHOFtvL.eeL4rjz1Za',21,1,1,1,NULL,NULL),(14,'ivanakowalczuk@gmail.com','$2a$10$mVrdAuPxlBPEp1AjIK0NwOxN3XCJPGXjTJoAyBnUEgW3R3TXF9V2e',22,1,2,0,NULL,NULL),(15,'ivanakowal@gmail.com','$2a$10$cTBi8uJ/qaxKuhobBFKo5uNoWmYO89p2yy3FfkiYfy990DuIqxor2',23,1,1,0,NULL,NULL),(16,'elicita@mail.com','$2a$10$/Ajen5z58JJXTdr1eyJHmeA93l5aMDkPzxqacjwapTAsMMVJblah2',24,1,2,0,NULL,NULL),(17,'ivana@gmail.com','$2a$10$Nfmt3PY0IQ61sXMmoN.vKOVrdu8kTN97GdWzwzMmL6NcsGA47ES9i',25,1,2,0,NULL,NULL),(18,'ivanakowal@hotmail.com','$2a$10$BWfb2mDjEIZmAHBwe/ZQYuQQ2hkkHLtqPCtz/oq9jhIO2HxK88c.2',26,1,2,0,NULL,NULL),(19,'th','$2a$10$CVtxgjD5IA2awFLT4xJqlevpVLEJNUC2LtTsQqXhL74yMjZj/i6nS',27,1,2,0,NULL,NULL),(20,'hjm@gmail.com','$2a$10$LhIc/gwM51o/z.CvWFPz/eZszs51cYPk.a0YW4NoP2JFBMFLjIvFi',28,1,2,0,NULL,NULL),(21,'ldiasu','$2a$10$mAZLBK3vRa0VEcWvjNUN.e2Ag.aYToR0F6UCsqMtZ8EutTVktMn.G',30,1,2,0,NULL,NULL),(22,'daniel@mail.com','$2a$10$3QpiH3.kSW2JUkGfwLJ/8.jcCR4NxuYCRuxWZO2AjklRWecp7FkS2',31,1,2,0,NULL,NULL),(23,'felipe@mail.com','$2a$10$/h2d3TxyE1RizH9wmQsYgO8eJQYep./Ah9PpthAsgPPUicaYNY3wi',32,1,2,0,NULL,NULL),(24,'lauraa@mail.com','$2a$10$yoYoISschPHaFmgzSt45R.u2YoDeplEObGO1G7BgDxvUfN6wVA4Mq',33,1,2,0,NULL,NULL),(25,'dairo@mail.com','$2a$10$D0iTwXUjrd3jJQ/xng1c/.phxS88FIOxOcnpZiYfKB.QzRATiMhBy',34,1,2,0,NULL,NULL),(26,'rene_descartes@test.com','$2a$10$pmcwgfpZTypwuD356eSKgOZN72VviUkjzhwax9foTWwd.zgF5bWze',35,1,2,0,NULL,NULL),(27,'rene_descartes2@test.com','$2a$10$gLSOTbPd7Ofvvv3CpwxHQOzgThOotJKf85Ag1m8pBor4KNXBIXAmK',36,1,2,0,NULL,NULL),(28,'rene_descartes3@test.com','$2a$10$WhoKOdsPTQdhn1PjvURMvuYleTJlwiNB3PFAMiFE6HruVes/82MCS',37,1,2,1,NULL,NULL),(29,'eduar@mail.com','$2a$10$Qyu4PBERSQQb3CTyzlenI.paz1Xuulm6zodBHlrRHkF7Pf05ca6.G',38,1,2,0,NULL,NULL),(30,'sandrita@mail.com','$2a$10$otli5jViQqhU6Rao77NFc.HtaPCigK1CC.dp9QQUnpJoAwg3jeBXu',39,1,2,0,NULL,NULL),(31,'test-registro@test.com','$2a$10$4mOvp25w7Ug9spyD2dNS.uYwVQhs7m0DqvyH9QZI1cgL7xszXIruG',40,1,2,0,NULL,NULL),(32,'pruebadigitalh@gmail.com','$2a$10$4boHJ89n0mDUyqzv6Frk1.9wHtcxvUGIl34kXGvAE9LXHceeAD6i2',41,1,2,0,NULL,NULL),(33,'mevalcgmail.com','$2a$10$PGO08gMq5wuE33pFvL6D7uz3AKdM1hySCuenceQ8iZ0va2QMQ0Yvi',42,1,2,0,NULL,NULL),(34,'harrypottergmail.com','$2a$10$7d0H7i91ixGSVFRFAq0xLuhAMhmgg/7qt4PIbkjMSL8WxDc/d9q0W',43,1,2,0,NULL,NULL),(35,'melascom','$2a$10$WyhRzapkqIVTPXCOCxhgK.8waMfJc5jDLOPuyYD.R5Cs3q7IRiIsy',44,1,2,0,NULL,NULL),(36,'ema_schiappa88@o.ar','$2a$10$tvIWB2zPD0.WCagrTDtbheEOVYMmTbvMBWm.cKiCXWAAAGJ52T7Yi',46,1,2,0,NULL,NULL),(37,'ivikow@gmail.com','$2a$10$WEW67u7j5mThp/aX46qNg.zAJMPAeWZEzLgMgslcr5QZUuUT2FXde',48,1,2,0,NULL,NULL),(38,'sandratochoy@gmail.com','$2a$10$G8Wk9U4Fu/rO3l47xKludOtjBPQeYree8bmBfJH/s904w9xUM/KTe',49,1,2,0,NULL,NULL),(39,'sandraaaa@mail.com','$2a$10$MmA0W6.C.DAo8GYaOS6WdO6Q08cyZjZW.ZrXc13ZL.N4Rkeoj9Oe2',50,1,2,0,NULL,NULL),(40,'karla@dh.com','$2a$10$.dTHFC5c0buOlnNHeIRpIO6y1ZBhZztvW2IUV7PuRrlI9Fq.CB5Zq',51,1,2,0,NULL,NULL),(41,'pepita@','$2a$10$k8q79KSiN5bEkbUOgKCpY.vLsZZKydFeA/Y6ceKlQOYNeKlKYSu92',52,1,2,0,NULL,NULL),(42,'webmaster@gmail.com','$2a$10$AIBkhAp5rJkUsUaVSh9.VOTR.AiMvHsWj3M2rmipHI/LEvE/iBix6',53,1,2,1,NULL,NULL),(43,'nsnasna@gmail.com','$2a$10$t8TBeSfssfiUz9maa7//N.W2XPhBqHYW0/oHVfv1ineLC/ycfRoHq',54,1,2,0,NULL,NULL),(44,'pepitus@mail.com','$2a$10$XOb3jZLwvVY3oj0b5isJOuSNJgCxpi/yFt7VahnQZ3Z84OJYufcem',55,1,2,0,NULL,NULL),(45,'prueba@mail.com','$2a$10$gZgLevVYRoj0EyH6a4ISb.B.EoYTN.E4AOXhVB/jcqpC8I9I5N3lK',56,1,2,0,NULL,NULL),(46,'harryjm018@sshotmail.com','$2a$10$/oOV.SSsqaX4GeCc32SD0.1shWgSkYjsbHgYtP3rccMg1/I0wnyUK',57,1,2,0,NULL,NULL),(47,'pruebamil@mail.com','$2a$10$8TMg71Lt2FIyOivqiQus.OpQpnb03KCUUnYs58rz9hl5tTmZfulx2',58,1,2,0,NULL,NULL),(48,'mia@mail.com','$2a$10$WV8/Nt524a0ligzewPL1Qu9/mDK9kZBq7s5S7LwFyH8ZGQ3PXqJO.',59,1,2,0,NULL,NULL),(49,'pruebaaa@','$2a$10$i1b4DwsGZw9NhQr5q8RcM.1caDchpVhRvn.nhJhv3MYl2oukVisI.',60,1,2,0,NULL,NULL),(50,'andres@maill.com','$2a$10$QgA7G0TUGQnDLmg/.jZEI.zGmEqPuaYNy9l500b/I7LOrKrp82PEa',61,1,2,0,NULL,NULL),(51,'holaa@mail.com','$2a$10$Rt.CfhZD/klFSTgPtbLX2ut.KtT5odjv3v4QqshjnsymQhm8i/U1G',62,1,2,0,NULL,NULL),(52,'francisca@mail.com','$2a$10$8THVkreOA46SO0ufqnGBeOsMmrXLpqYbm7RJa.qw1xZy.fqrjqgdm',63,1,2,0,NULL,NULL),(53,'elicitapp@mail.com','$2a$10$lUJRDmEukq/34D.m4SKUKOuFuNibdunzdayFKSzsK2ro5HUPhziDG',64,1,2,0,NULL,NULL),(54,'jennifermesamar2@hotmail.com','$2a$10$iNf4JSIykn6hPK3Y0.KstOnFkk8cqqjLcJ3l2B4STNHGMKbgcWj7C',65,1,2,0,NULL,NULL),(55,'mel@gmail.com','$2a$10$P35alPJcXuMfYo7jpf4fheg1xdVT00Va1N1ZGk3X61zFhvjPGcqYC',66,1,2,0,NULL,NULL),(56,'pruebatest@gmail.com','$2a$10$qcmXm.prtNMmnNRlm4ELTO3evXm1O1p/RI4nI3PGv8rFyQx8IUjNa',67,1,2,0,NULL,NULL),(57,'ema_schiappa88@outlook.com.ar','$2a$10$fM5FCFPT5VEYr0yrBTYQyeWgwwIsvSBM4m8FjqB3qBKlM2/RSa4je',68,1,2,0,NULL,NULL),(58,'ivik@iresm.edu.ar','$2a$10$u3zleEPCi9PGwwdMYFVuRe1Jg14W01U0kEhabwrJXfZFmdDiTJGNS',69,1,2,0,NULL,NULL),(59,'sol@gmail.com','$2a$10$MJqxiFm7RLSHS2Io/aRUFOSk0858AxQOelqFNXM98IF3M63JAjy.K',70,1,2,1,NULL,NULL),(60,'ivi@gmail.com','$2a$10$edI.whPcKoVhg7WwqwytLej68Mzevq.z3.QGUBMpk8nyykx1EgDka',71,1,2,1,NULL,NULL),(62,'electricistagasistamatriculado@gmail.com','$2a$10$1lZPypInValGMf60nMSx6upF2ToxlCX6Q5Wk3U6.K6ciXhT6TgAEu',73,1,2,0,NULL,NULL),(64,'pruebadh@yopmail.com','$2a$10$XXWGEetos3vBvsEIETPyMeHmTpSZAvq7HXTZ7ip.IPz2vQ5fQ4GPS',75,1,2,1,NULL,NULL),(65,'pruebadh1@yopmail.com','$2a$10$p0BmvVXHiG1GvJg4cyklnOodrq6C7Ea2iwqAIOmhK8lH9iGqsV0My',76,1,2,0,'a182e23a-ca19-4021-956e-aaa22ad1334e',NULL),(66,'pedrofunes@gmail.com','$2a$10$IG4.Cxwme2x68X58Qzp7IO5qwZ2nk5xavsMh0VFkx8QsxnE0ueaUW',77,1,2,0,NULL,NULL),(67,'juanpepe@gmail.com','$2a$10$A2I03RiDe1z97Dh.ikgzzuFbhO9s6nWmATW9zHGjt1W9n/3kxd4cO',78,1,2,0,NULL,NULL),(68,'santinaperez@gmail.com','$2a$10$BAiYwksyewAqr65D8tIgiOtD67y.H09zEmPc212rP9R.JqWzg9dUq',79,1,2,0,NULL,NULL),(69,'admin2@dh.com','$2a$10$0Up9B3QuYiHlTp6mF0elfu7z3P8l1ogNSgLviVIGPqs4zjmJ2/TN.',80,1,1,1,NULL,NULL),(70,'cliente@dh.com','$2a$10$LtJdSngt7lfYcBgTkRovxuTp0ruCNdXuz.hj1QKRcT1FrEu09./HK',81,1,1,1,NULL,NULL),(71,'cliente2@dh.com','$2a$10$l7UA1fw.hSPfWa5mhqyT6.uY7R7EfR.v0bm.btMYhqBCIlWY52mnG',82,1,2,0,NULL,NULL),(74,'pruebadh2@yopmail.com','$2a$10$oVH/rzhU.qhwHucA/DYGbe1n30tLHTo/ynCZBjd.RGEalqjqfuUY.',91,1,2,0,'be8a9aa9-d0e3-4db5-b714-4df1ecef791e','2023-06-04 18:32:09'),(75,'carlosgagaga@gmail.com','$2a$10$4E/MB0hzngTGuqeWBORoSezklGS5zbqxpGhFifiXpjTfoBCCA1agC',98,1,2,0,'b688cc7f-1487-4e00-b33e-2c39205b651e','2023-06-08 00:44:15'),(76,'sdsdsdsdsdd@gmail.com','$2a$10$1njrtZAGIlbuRdi4dipfZ.7Kp5ppdhp5fgCDlth4UjCiUT.b2i2vi',99,1,2,0,'676cb559-6c0c-4adf-b777-5231013834ee','2023-06-08 00:51:49'),(77,'sdsdqwqwdqwd@gmail.com','$2a$10$ZCsTjZNd.fE7GDIAFpcuVuaGtv3lL70JXuf4Zb6qAnjk3Z826qom.',106,1,1,1,NULL,NULL),(78,'ddd@gmail.com','$2a$10$JHpicJNzmz74nQl/nvPJMuGfFG4ypWHu0XvZ3AYGMPcZhQ1Svs7za',108,1,1,1,NULL,NULL),(79,'pruebadh3@yopmail.com','$2a$10$HGGQBe8RI2Gv8UUOeoaUT.oZtPnPeDYbgA7P4DueZtI.uTpE.UvJK',109,1,2,1,NULL,'2023-06-10 06:20:36'),(80,'pruebade@gmail.com','$2a$10$m.cIULoxmeMIFJFNxm0tA.JzM7fnQLJZcs0vTaMkhJ2oCk/HujtFG',110,1,2,0,'9defcd16-ff9c-4a5a-b555-513c1cc1c9fa','2023-06-10 21:18:02'),(81,'coreeo@gmail.com','$2a$10$fNmSp816DZxtBPjqHjvyAOrbmaJGsO4zBSoWtAwlJehj9CW1rk73W',111,1,2,0,'6e1caad9-f293-4691-a4ff-78ca057dbb87','2023-06-10 21:31:12'),(82,'correo@gmail.com','$2a$10$kCX462VGs9mdnteXVWVbN.3GBWly8ktOfOT0miCSndGbdtKfsksty',112,1,2,0,'9cd5a6bc-6a8a-43ad-bdd2-78f50acb905c','2023-06-10 21:35:20'),(83,'prueba@gmail.com','$2a$10$gITFwOjF4AooIY4TJURzUevO7.W/wJkpg7Y7grqfC.Dj9CNrAEdoW',113,1,2,0,'0fbf60a5-6a6b-45b2-bb25-c3fdb2d4b33b','2023-06-10 21:40:36'),(84,'pruebatres@gamil.com','$2a$10$nKfsQshmVQYV6VzED91CsONes7dyrvWhuToZq6fdYrJy1T9EUK.LC',114,1,2,0,'ef31af1a-f50f-42be-a6c3-bd309f82f92f','2023-06-10 21:41:59'),(85,'preuba@gmail.com','$2a$10$3m.PjczzaSC9uiUC4XOvXu1D2FoCTggp0v1G/GpSw1GNFKpC/cnsq',115,1,2,0,'28627fd8-97c0-4a1b-9a44-60425d237c75','2023-06-10 22:15:11'),(86,'pruebafinal@gmail.com','$2a$10$..HrwW.kqCQ9lcrNbNtYNe6u3lsgKzdjOsKOnmxedXNEXubNhuvZu',116,1,2,0,'967c0b16-2f5a-4e84-a1fa-3c93a241e1d2','2023-06-10 23:24:32'),(87,'equipo7@gmail.com','$2a$10$kx4kAyKen3RRJ0z20lwijOCeyfEqSzjyowokaH4oVHZ/OmY2fCw9m',117,1,1,1,NULL,NULL),(88,'myke@towers.com','$2a$10$mXQhx3OWL1//PiErv80HI.oTQqEXijxZI7STnRVv1EXkTvaWYJkKC',118,1,2,0,'5a4a9fd9-59ae-4fef-a89b-cd55e6da38d4','2023-06-12 20:17:40'),(89,'pullon.c@gmail.com','$2a$10$RbTKKm1ZXwicxYtDxZPL.eiOmrsgaWdeDqQVkRKHPFEx4M1Oz1m3i',119,1,2,0,NULL,NULL),(90,'sonia.p@gmail.com','$2a$10$LqJAGTKObhhxeWLczZsxfOt4XQWMRSW6P7cCC5sKttNPcRyWwU7aS',122,1,2,1,NULL,NULL),(91,'eliana.murillo@optimaee.com','$2a$10$mc5YK64/Tb.j0XfsWYG/MuG7lEys4y.0eO3RkG7TwV9N1Dha3e7mK',123,1,2,0,'6e5aac2d-d9f9-4ec0-842f-075ae9f5e97e','2023-06-14 03:52:50'),(92,'holaaaaa@hi.com','$2a$10$162gdxkWrem1FaIl1XsFzOO8l.Voqy9Y4dG8oddJbF/zzFRrjKF/W',124,1,2,0,'8052b7bb-9363-40b1-a611-4a2ecd6e3755','2023-06-14 04:32:35'),(93,'juli.luca@gmail.com','$2a$10$K2HhVa19c38.xTSiKAImVOCDnlUGd.ZmoIWOs8eB5.k91bRmK24Ta',125,1,2,0,'65b2f983-76d5-4c38-a661-8247eb5a751c','2023-06-14 15:09:57'),(94,'pruebadh6@yopmail.com','$2a$10$hKN3/KXhANhV6Zu4QNeyrukgSeeGYZ3dNFo6an1vH8vNOUVeksSGe',126,1,2,0,'e77a30e7-4fd0-4a73-a052-b91efdb923af','2023-06-15 00:45:01'),(95,'pruebadh7@yopmail.com','$2a$10$07DOMAQ/ct/pHuh5aSSPIe9w2Ttc6dBeS0Klh0jwkvgdqFT7nIv/e',127,1,2,0,'55512b7f-8191-47b5-bcfc-e3e770b1df7b','2023-06-15 00:47:05'),(96,'pruebadh8@yopmail.com','$2a$10$LprZsVsOxEICpkheaBL7eeu3lM33xC29QnYROdwPJ47NEbzXhkjty',128,1,2,1,'0cc4fb6e-d2fa-413e-a9e5-4ac7e24458cb','2023-06-15 01:04:30'),(97,'holaa@maill.com','$2a$10$UgfEXeTE8pldhJNdm0RGvuAOuFOjPtf9OqR2VJuL9iFcOoh5PbjbO',129,1,2,0,'5a9b29c3-51f6-4de6-9450-d5d4a6708e51','2023-06-15 02:21:23'),(98,'pruebafinaal@mail.com','$2a$10$.DLGqdyk.kWUAjif0FigxufdOltAnlbH.mYJqJHNCpdbh4/bJqWk2',130,1,2,0,'8edd2936-b9e6-425a-8348-8e9e8e75e54d','2023-06-15 02:33:57'),(99,'hiii@mail.com','$2a$10$a2L5nZPK9Hdj5FHPMS/f9eQ6fG8AMgM79WMmN.ro8qTT4i5rUDB62',131,1,2,0,'2ff33fea-40bd-40b3-9236-f628e3242ebe','2023-06-15 02:35:26'),(100,'perlita@mail.com','$2a$10$MGB1L2eRLKalQF6PyMGGCuuNOdohMxkGR74.xE/hXcvaFY5Q3NR6m',132,1,2,1,NULL,'2023-06-15 02:37:57'),(101,'testcasifinal@mail.com','$2a$10$r4TCHa9.RO.ekdowunhz0eBgg6s2jhh1eCdmKqBjFPNwYP2tiUPHK',133,1,2,1,NULL,'2023-06-15 02:50:42'),(102,'elianamuri23@gmail.com','$2a$10$MbY2ZYYFwbd/Na3mllyXC.mgwx2tQFZzKtOaP5lnXwIBwwwx.jFXa',134,1,2,0,NULL,'2023-06-15 03:27:47'),(103,'elianamuri3@gmail.com','$2a$10$Pm4SRmvq60lOetjX4UVWD.GjppCciWR./NQkk9aJHcRNwNcJjva7i',135,1,2,0,NULL,'2023-06-15 03:39:18'),(104,'elianamur@gmail.com','$2a$10$O47PsH9jNs32JH5i7ulhN.GTT3apJmul3YOPsJGqD0cJAQAY3hjF6',136,1,2,0,NULL,'2023-06-15 03:43:34'),(105,'elianmur@gmail.com','$2a$10$vfIws5pkap2u6X.bI2FnseuJSxjPPGBJMvpKvIP1tUADjsAH6vJBq',137,1,2,0,NULL,'2023-06-15 03:51:11'),(106,'elianur@gmail.com','$2a$10$ADIefm6pPxvwWv0E9msXAuD7c7wacHedOq3Yut6mOZ20HeF/MTG1W',138,1,2,0,NULL,'2023-06-15 03:59:42'),(107,'elianur@gail.com','$2a$10$LZAnHPE0Par8i89tmpk68.GlqXi5DJO7oXsxEtvoQpGkt6/0eA31O',139,1,2,0,NULL,'2023-06-15 04:02:53'),(108,'elianu@gail.com','$2a$10$qMuujZzmqDmLCOVPV6QtWOnqCvuCGx/oLhoGQTap3i5/nxxJhOSJ6',140,1,2,0,NULL,'2023-06-15 04:05:42'),(109,'eliau@gail.com','$2a$10$o20ixitEIYCCSxYNhacMn.TwmavL8tr4dlxk/et/usGVwU4REf39O',141,1,2,0,NULL,'2023-06-15 04:08:24'),(110,'elinnau@gail.com','$2a$10$3Cs02iDC3sJsNz.ATllIPOpdHr1MD04XATBEydZfKPkL9z7UrLoDm',142,1,2,0,NULL,'2023-06-15 04:10:42'),(111,'pruebadh9@yopmail.com','$2a$10$QgNTdcTfWSBNEVu499z7fO8EPkEJGYv8.JMOvHeqDmbhBflSJbXcS',143,1,2,0,'d31b7c4e-33e6-4c32-9b85-aa9ac657760c','2023-06-15 05:42:50'),(112,'pruebadh10@yopmail.com','$2a$10$bWlIxDSYHXhzeSAdv4UseOMDgcgX9ZyqXfLD27O2OwXdRgEQ9mIGW',144,1,2,0,'8e38d2d2-0223-4a01-8ca9-a9f8810b2a26','2023-06-15 05:44:49'),(113,'pruebadh12@yopmail.com','$2a$10$9eyl7COw83usKtfUq8obXOLpH2Ex3qc3ygQ1cZ/tXevP/fg0XKoiC',145,1,2,0,'d7c89f97-0ed3-40b9-ac53-9395525c7f00','2023-06-15 20:22:38'),(114,'pruebadh13@yopmail.com','$2a$10$KXUk/4Wplkl/WhX3UzKK8Om/YlRMs5kJjAZ2mx8Uaa1/RANKqsKsG',146,1,2,1,NULL,'2023-06-15 22:03:05'),(115,'4f2c616e1f@mymaily.lol','$2a$10$Len.Dzm2jhVRsQEh6ptJMuUy4nqAE6C9nuRhrHG5hN7JLtoUrVWx2',147,1,2,0,'0a299e11-d331-478a-9a58-f0282d5dedf0','2023-06-15 22:37:17'),(116,'coral.pa@yopmail.com','$2a$10$aWZNOvgZbnKn.4cgjBO92Obtxja6qEu4SK.0P/mSYcCfxI8HMUfbO',148,1,2,0,'071b58d9-c8af-4646-9001-af6555f18c44','2023-06-15 22:42:19'),(117,'elinnaau@gail.com','$2a$10$0StXJd6BsVMONvhAngGbTutHAJPwepMq8wZgdIG9S1VZ5OosmfTLC',149,1,2,0,NULL,'2023-06-15 22:43:56'),(118,'elinnaau@gamil.com','$2a$10$KbmQ7IT5Fx.sNG23TQZKGu8jmjZbyJDrfARw8WpboyZL4anEJBwxu',150,1,2,0,'fc9dd5ae-a07d-43f2-9388-cb45aa6ad0c0','2023-06-15 22:53:43'),(119,'sa@gamil.com','$2a$10$1N17Mm1fO3MlAzed1SoEgeYsqZwe6JNepegE9RAu4kVIZpTKCZnK2',151,1,2,0,'d3216602-e288-4c20-8ae2-14a6a03e432b','2023-06-15 23:01:33'),(120,'elianamur213@gmail.com','$2a$10$yRJnj7psOmOCaKzLYfqepuerYKVWVl02.4bzRvsAW0C4rtdBglvjO',152,1,2,0,NULL,'2023-06-15 23:13:06'),(121,'elianamuri213@gmail.com','$2a$10$WWQtnQG1.djJtwQyIdwNPeOyYnmBljEkYWxyvFx2xq1EzW1NC5zua',153,1,2,1,NULL,'2023-06-15 23:21:32'),(122,'pepita@gmail.com','$2a$10$Qd2ZdBkv1RdH9TPXMDXuNu65DLGU8LJE5jaoVPKoaCRFymXLTbcMW',154,1,2,0,'8e2558c8-431a-4fb3-97c6-5698fecd7d32','2023-06-15 23:30:33'),(123,'trihoussetedou-6807@yopmail.com','$2a$10$.YrSgqq9g8HjUnzdvHKtkOaP..wW4D.Bm35FRvkouAVrWTWwbuNSy',155,1,2,1,NULL,'2023-06-15 23:31:41'),(124,'pruebadh14@yopmail.com','$2a$10$IHemCVltcQizFU4/xQ.YZeeQSyjGCG.EICjFt3cZ8erf7kZSUMlvO',156,1,2,1,NULL,'2023-06-15 23:52:52'),(125,'ivanafunes1@gmail.com','$2a$10$ZxrWSnfW5T1Ynp.aqaBk3e3qTsW.FT/QfnyptjqHWSs3kMlocFk2e',157,1,1,1,NULL,NULL),(126,'lol@yopmail.com','$2a$10$adyJAwiJb02e5CJz8Yz1TuQlWXBQEiJeEVrnHl0NzF1kYkF6dpc9.',158,1,2,1,NULL,'2023-06-16 00:53:32'),(127,'pruebadh20@yopmail.com','$2a$10$qPGLj6QHJMbMhAeIqE4qd.RaQ2VTjasV8b1xs1KO1Qu5IiQsQiZPq',159,1,2,1,NULL,'2023-06-20 16:55:24'),(128,'tarilil936@byorby.com','$2a$10$BV6ev56AIgQHuJXxXYgSFu84yHX0eybSbO4wfYSnjY02asWBafmHG',160,1,2,1,NULL,'2023-06-24 01:44:01'),(132,'testdraiven@yopmail.com','$2a$10$Q4xB6Z5LmDPgbF2udI/WbeUdiA1wZ0uNNzPnz8WkbYnPrh7Vek8Y6',165,1,2,1,NULL,'2023-06-26 04:52:27'),(133,'testdh30@yopmail.com','$2a$10$Fs1.jG1onLKjrQRv0DPaiutMik2VJ9YoiLxOH0UEw//F8Tq8S9vcO',166,1,2,1,NULL,'2023-06-26 23:05:23'),(134,'testdh31@yopmail.com','$2a$10$h5/F0oVFP2EfNQbbduilp.aaTjcoC8ZVAq5VHszFNKdEuM.PlZBoe',167,1,2,0,'47c22350-a9b4-4dae-9306-ac6ae7a6e8c0','2023-06-26 23:08:36'),(135,'tareri2144@fulwark.com','$2a$10$vFe/pdWTldagHF2DSSPW3OHn2wdfHvq25WEWAAIctsAsmqIyV7cA2',168,1,2,1,NULL,'2023-06-27 00:01:01');

DROP TABLE IF EXISTS productos;
CREATE TABLE productos (
  idProducto int NOT NULL AUTO_INCREMENT,
  idCategoria int NOT NULL,
  nombre varchar(200) NOT NULL,
  marca varchar(100) DEFAULT NULL,
  modelo varchar(45) DEFAULT NULL,
  precio numeric(12,2) NOT NULL,
  indicadorHabilitado tinyint NOT NULL,
  descripcion varchar(500) NOT NULL,
  tieneProtector tinyint NOT NULL,
  esElectrico tinyint NOT NULL,
  promedio numeric(3,1) DEFAULT NULL,
  PRIMARY KEY (idProducto),
  UNIQUE KEY nombre (nombre),
  KEY idCategoria (idCategoria),
  CONSTRAINT productos_ibfk_1 FOREIGN KEY (idCategoria) REFERENCES categorias (idCategoria)
);
INSERT INTO productos VALUES (56,3,'Violn','Picasso','14RW',32563.00,1,'Violn de madera slida con tapa de abeto, fondo y aros de arce.El alquiler incluye funda y arco.',1,0,4.5),(57,4,'Flauta dulce soprano','Honer','456h',4000.00,1,'Flauta hecha de resina con construccin robusta con dimensiones 5x2x36',1,0,4.0),(58,4,'Saxofn','Hiamaha','Yah-24',20562.00,1,'Saxofn con un receptor de tudel nuevo y ms estable, y una nueva conexin Si-Do# grave, acabado dorado y boquilla AS-4c',0,0,5.0),(59,4,'Trompa','Honier','15.5',20586.00,1,'Esta trompa o corno francs tiene la campana fija, ambas trompas estn construidas con latn amarillo o Yellow Brass, con un calibre de 12mm y 4 cilindros. El acabado de la trompa es lacado, aadiendo facilidad a la hora de tocarlo y un sonido brillante.',0,0,4.5),(60,4,'Tuba','Hiamaha','Hbb-123',45698.00,1,'Tuba con campana grande y un sonido completo y potente. El instrumento tiene una mecnica de funcionamiento suave, una buena respuesta y entonacin excelente',0,0,4.0),(61,2,'Batera completa ','Tom Grassi','JBP076',25697.00,1,'Batera de 5 piezas (3 toms, 2 redoblantes) con bases y platillos silla y baquetas',0,0,4.0),(62,2,'Platillos','SidJia','Zx89',5896.00,1,'Los platillos, platos, latos, cmbalos o cimbales son instrumentos de percusin de sonido indeterminado , lo que significa que las notas no tienen una altura definida.',0,0,4.0),(63,2,'Timbales clsicos','Adamz','PAUF',24585.00,1,'Timbales universales 29 de cobre y pedal de acero inoxidable',0,0,4.0),(64,3,'Arpa','Bried','GIS',25895.00,1,'Madera grabada y pulida a mano, cuerdas extra suaves y llave de afinacin, cuenta con detalle de metal y madera maciza',0,0,4.0),(65,3,'Guitarra elctrica Trickenbaker','Trickenbaker','345J',20659.00,1,'Guitarra de densidad media que proporciona un sonido equilibrado, rico en armnicos con agudos y graves suaves',1,1,3.0),(66,3,'Guitarra Elctrica Queenstone','Queenstone','TYE',26587.00,1,'Guitara de maple, con control de volmen y cuatro controles de tomo, 24 trastes.',1,1,4.5),(67,3,'Piano de cola color negro','Hiamaha','GG2',89561.00,1,'Piano con tonos resonantes completos, tiene 88 teclas, capturan matices y detalles debido a su respuesta suave y rpida del teclado',0,0,4.0),(68,1,'Amplificador guitarra/bajo','Fenfer','Bumble',15686.00,1,'Amplificadores porttiles para bajos y guitarras. potencia robusta y con caja de altavoz grande y con puerto de conexin',0,1,4.0),(69,1,'Consola 6 canales','Ultrabox','6SD',15689.00,1,'Dispositivo que permite conectar varios instrumentos o microfonos de manera simultanea, herramienta til para sincronizar volmen y efectos de manera simultanea. ',1,1,4.0),(70,1,'Micrfono  unidireccional','Carto','XLR',12456.00,1,'Micrfono con condensador, frecuencia 20-20kHz, patrn cardioide  y sensibilidad de 1Hz a 1 kOhm',1,1,4.0),(74,2,'Batera','jazzty','5004',12.00,0,'Batera completa para principiantes',1,0,NULL),(75,3,'Violn 2','Picasso','14RW',23456.00,0,'Violin de cuerdas',1,0,NULL),(76,29,'Afinador','Picasio','1111111111222222222sssssssssss',123.00,0,'ssssssssssssssssssssss',0,1,NULL),(77,29,'ffff','vvvvvvvvvvv','vvvvvvvvvvvv',2323.00,0,'vvvvvvvvvvvvvvvvvvv',0,1,NULL),(78,1,'test','zzzzzzzzzz','zzzzzzzzzzzz',12121.00,0,'zzzzzzzzzzzzzzzz',0,1,NULL),(79,28,'ggggggggggg','ggggggggg','gggggggggggg',44444.00,0,'ggggggggggg4ffffffggggggggggggggg',1,0,NULL),(80,2,'Guitarratest1',NULL,NULL,14500.00,0,'Guitarra electrica blanca',0,1,NULL),(85,29,'ggggggggggggggggg','ggggggg','ggggggggggggggggggggg',3445556667.00,0,'ggggggggggggggggggggggggggg',0,1,NULL),(86,29,'ggggggggggggggggggggggg','gggggggggggggggggggggggggg','gggggggggggggggggggggggg',4444444444.00,0,'gggggggggggggggggggg',1,0,NULL),(87,29,'dddddddddddddddd','dddddddddddddddddddddddddd','ddddddddddddddddddddd',34564.00,0,'dddddddddddddddddddd',0,1,NULL),(88,29,'testttttt','hhhhhhhhhhhhhhhhhhhhh','hhhhhhhhhhhhhhhhhhhhhh',3333.00,0,'hhhhhhhhhhhhhhhhhhhhhhhhhh',0,0,NULL),(89,4,'Oboe',NULL,NULL,40.00,0,'Oboe con cuerpo de resina ABS del modelo 241 presenta un acabado mate especial similar a la madera, tiene un sistema de conservatorio simplificado y sistema de octavas semiautomtico',0,0,NULL),(90,4,'sasasasas',NULL,NULL,40.00,0,'Oboe con cuerpo de resina ABS del modelo 241 presenta un acabado mate especial similar a la madera, tiene un sistema de conservatorio simplificado y sistema de octavas semiautomtico',0,0,NULL),(91,4,'asasasassdsdsd',NULL,NULL,40.00,0,'Oboe con cuerpo de resina ABS del modelo 241 presenta un acabado mate especial similar a la madera, tiene un sistema de conservatorio simplificado y sistema de octavas semiautomtico',0,0,NULL),(92,4,'asasasasssasasdsdsd',NULL,NULL,40.00,0,'Oboe con cuerpo de resina ABS del modelo 241 presenta un acabado mate especial similar a la madera, tiene un sistema de conservatorio simplificado y sistema de octavas semiautomtico',0,0,NULL),(93,4,'asasassasasssasasdsdsd',NULL,NULL,40.00,0,'Oboe con cuerpo de resina ABS del modelo 241 presenta un acabado mate especial similar a la madera, tiene un sistema de conservatorio simplificado y sistema de octavas semiautomtico',0,0,NULL),(96,4,'dsdsdsdsdsdsd','dsdsdsdsd','sdsdsdsd',5000.00,0,'Prueba para verificar el servicio de creacion de productos',0,0,NULL),(97,29,'kkkkkkkkkkkkkkkkkkkkkkk','mmmmmmmmmmmm','',2212.00,0,'',0,0,NULL),(99,2,'Guitarratest2',NULL,NULL,14500.00,0,'Guitarra electrica blanca',0,1,0.0),(100,2,'Guitarratest3',NULL,NULL,14500.00,0,'Guitarra electrica blanca',0,1,0.0),(101,2,'Guitarratest4',NULL,NULL,14500.00,0,'Guitarra electrica blanca',0,1,0.0),(102,2,'Guitarratest5',NULL,NULL,14500.00,0,'Guitarra electrica blanca',0,1,0.0),(103,36,'Djembe','Citroen','BJH',234.00,0,'ggggggggggggggg',1,1,NULL);

DROP TABLE IF EXISTS productosImagenes;
CREATE TABLE productosImagenes (
  idProductoImagen int NOT NULL AUTO_INCREMENT,
  idProducto int NOT NULL,
  idImagen int NOT NULL,
  PRIMARY KEY (idProductoImagen),
  KEY idProducto (idProducto),
  KEY idImagen (idImagen),
  CONSTRAINT productosImagenes_ibfk_1 FOREIGN KEY (idProducto) REFERENCES productos (idProducto),
  CONSTRAINT productosImagenes_ibfk_2 FOREIGN KEY (idImagen) REFERENCES imagenes (idImagen)
);
INSERT INTO productosImagenes VALUES (96,56,475),(97,56,476),(98,56,477),(99,56,478),(100,56,479),(101,57,480),(102,57,481),(103,57,482),(104,57,483),(105,57,484),(106,58,485),(107,58,486),(108,58,487),(109,58,488),(110,58,489),(111,59,490),(112,59,491),(113,59,492),(114,59,493),(115,59,494),(116,60,495),(117,60,496),(118,60,497),(119,60,498),(120,60,499),(121,61,500),(122,61,501),(123,61,502),(124,61,503),(125,61,504),(126,62,510),(127,62,511),(128,62,512),(129,62,513),(130,62,514),(131,63,515),(132,63,516),(133,63,517),(134,63,518),(135,63,519),(136,64,520),(137,64,521),(138,64,522),(139,64,523),(140,64,524),(141,65,525),(142,65,526),(143,65,527),(144,65,528),(145,65,529),(146,66,530),(147,66,531),(148,66,532),(149,66,533),(150,66,534),(151,67,535),(152,67,536),(153,67,537),(154,67,538),(155,67,539),(156,68,540),(157,68,541),(158,68,542),(159,68,543),(160,68,544),(161,69,545),(162,69,546),(163,69,547),(164,69,548),(165,69,549),(166,70,550),(167,70,551),(168,70,552),(169,70,553),(170,70,554),(171,74,556),(172,74,557),(173,74,558),(174,74,559),(175,74,560),(176,75,562),(177,75,563),(178,75,564),(179,75,565),(180,75,566),(181,76,579),(182,76,580),(183,76,581),(184,76,582),(185,76,583),(186,77,584),(187,77,585),(188,77,586),(189,77,587),(190,77,588),(191,78,599),(192,78,600),(193,78,601),(194,78,602),(195,78,603),(196,79,605),(197,79,606),(198,79,607),(199,79,608),(200,79,609),(201,86,621),(202,86,622),(203,86,623),(204,86,624),(205,86,625),(206,87,626),(207,87,627),(208,87,628),(209,87,629),(210,87,630),(211,88,626),(212,88,627),(213,88,628),(214,88,629),(215,88,630),(216,89,27),(217,90,27),(218,91,27),(219,92,27),(220,93,27),(221,96,645),(222,96,646),(223,96,647),(224,96,648),(225,96,649),(226,97,650),(227,97,651),(228,97,652),(229,97,653),(230,97,654),(231,99,16),(232,99,17),(233,100,16),(234,100,17),(235,101,16),(236,101,17),(237,102,16),(238,102,17),(239,103,656),(240,103,657),(241,103,658),(242,103,659),(243,103,660);

DROP TABLE IF EXISTS reservas;
CREATE TABLE reservas (
  idReserva int NOT NULL AUTO_INCREMENT,
  idProducto int NOT NULL,
  fechaInicioReserva date NOT NULL,
  fechaFinReserva date NOT NULL,
  precioReserva numeric(12,2) NOT NULL,
  idUsuario int NOT NULL,
  PRIMARY KEY (idReserva),
  KEY fk_reservas_usuarios1_idx (idUsuario),
  KEY fk_reservas_productos1_idx (idProducto),
  CONSTRAINT fk_reservas_productos1 FOREIGN KEY (idProducto) REFERENCES productos (idProducto),
  CONSTRAINT fk_reservas_usuarios1 FOREIGN KEY (idUsuario) REFERENCES usuarios (idUsuario)
);
INSERT INTO reservas VALUES (2,56,'2023-06-25','2023-06-30',5000.00,2),(3,56,'2023-07-12','2023-07-24',5689.00,2),(4,57,'2023-07-12','2023-07-24',5689.00,2);

DROP TABLE IF EXISTS sedes;
CREATE TABLE sedes (
  idSede int NOT NULL AUTO_INCREMENT,
  sede varchar(50) NOT NULL,
  idProvincia int NOT NULL,
  idCiudad int NOT NULL,
  direccion varchar(100) NOT NULL,
  latitud varchar(150) NOT NULL,
  longitud varchar(150) NOT NULL,
  indicadorHabilitado tinyint(1) NOT NULL,
  PRIMARY KEY (idSede),
  KEY fk_sedes_provincias1_idx (idProvincia),
  KEY fk_sedes_ciudades1_idx (idCiudad),
  CONSTRAINT fk_sedes_ciudades1 FOREIGN KEY (idCiudad) REFERENCES ciudades (idCiudad),
  CONSTRAINT fk_sedes_provincias1 FOREIGN KEY (idProvincia) REFERENCES provincias (idProvincia)
);
INSERT INTO sedes VALUES (1,'La Floresta',27,19,'Entre Ros 172','-32.88587220000001','-68.83571479999999',1),(2,'Los Cortijos',38,20,'Buenos Aires 39','-26.8082848','-65.2175903',1),(3,'Quality Espacio',20,16,'Cruz Roja Argentina 200','-31.444385136687252','-64.19560031736658',1),(4,'Tu Msica',29,21,'Bartolom Mitre 23','-38.9573151','-68.058778',1),(23,'Misin Music',28,94,'San Lorenzo 1898','-27.3675726','-55.8959101',0),(24,'Pampa Music',25,95,'Avenida San Martn 519','-36.6208181','-64.2844628',0),(25,'Sonidos Musicales',24,96,'Gral. San Martn 628','-24.1866805','-65.3017334',0),(26,'Sound Music',18,97,'Av. Sarmiento 2400','-27.4321244','-58.9652319',0),(27,'La calera Sound',20,98,'Coln 8','-31.3454024','-64.3377462',0),(28,'Msica para todos',37,99,'Kuanip 645','-54.8174016','-68.3338179',0),(29,'Pampa Music',20,100,'Los Robles 47','-31.4844494','-64.5364085',0),(30,'La calera Sound',20,101,'Los Robles 47','-31.4844494','-64.5364085',0),(31,'La calera Sound',20,102,'Los Robles 47','-31.4844494','-64.5364085',0),(32,'La calera Sound',20,103,'Los Robles 47','-31.4844494','-64.5364085',0),(33,'Pampa Music    ',25,104,'Avenida San Martn 519','-36.6208181','-64.2844628',1),(34,'Sound Music',18,105,'Av. Sarmiento 2400','-27.4321244','-58.9652319',1),(35,'Kuapi Musical',37,106,'Kuapi 645','-54.8019121','-68.3029511',1),(36,'La calera Music',20,107,'Coln 8','-31.3454024','-64.3377462',0),(37,'Misin Music',28,108,'San Lorenzo 1898','-27.3675726','-55.8959101',0),(38,'Misin Music',28,109,'San Lorenzo 1898','-27.3675726','-55.8959101',0),(39,'San Antonio Music',20,110,'Los Robles 47','-31.4844494','-64.5364085',0),(40,'Pampa Music',20,111,'Los Robles 47','-31.4844494','-64.5364085',0),(41,'Misin Music',26,112,'Joaqun V. Gonzlez 177','-29.4111366','-66.855361',1);

DROP TABLE IF EXISTS sedesproductos;
CREATE TABLE sedesproductos (
  idSedeProducto int NOT NULL AUTO_INCREMENT,
  idProducto int NOT NULL,
  idSede int NOT NULL,
  indicadorHabilitado tinyint(1) NOT NULL,
  PRIMARY KEY (idSedeProducto),
  KEY fk_sedesproductos_productos1_idx (idProducto),
  KEY fk_sedesproductos_sedes1_idx (idSede),
  CONSTRAINT fk_sedesproductos_productos1 FOREIGN KEY (idProducto) REFERENCES productos (idProducto),
  CONSTRAINT fk_sedesproductos_sedes1 FOREIGN KEY (idSede) REFERENCES sedes (idSede)
);
INSERT INTO sedesproductos VALUES (6,56,3,1),(7,57,2,1),(8,57,1,1),(9,58,1,1),(10,59,1,1),(11,60,2,1),(12,61,2,1),(13,92,1,1),(14,93,1,1),(15,93,2,1),(16,93,3,1),(17,96,1,1),(18,96,2,1),(19,97,1,1),(20,97,2,1),(21,99,1,1),(22,99,3,1),(23,100,1,1),(24,100,2,1),(25,101,1,1),(26,101,2,1),(27,102,1,1),(28,102,2,1),(29,68,1,1),(30,91,2,1),(31,91,3,1),(32,91,4,1),(33,79,2,1),(34,76,2,1),(35,69,2,1),(36,70,3,1),(37,78,4,1),(38,62,2,1),(39,63,2,1),(40,74,2,1),(41,80,3,1),(42,64,4,1),(43,65,2,1),(44,66,2,1),(45,67,2,1),(46,75,2,1),(47,89,2,1),(48,90,2,1),(49,77,3,1),(50,85,4,1),(51,86,2,1),(52,87,2,1),(53,88,2,1),(54,103,1,1);

DROP TABLE IF EXISTS tokens;
CREATE TABLE tokens (
  idToken int NOT NULL AUTO_INCREMENT,
  token varchar(500) NOT NULL,
  expirado tinyint(1) NOT NULL,
  revocado tinyint(1) NOT NULL,
  idUsuario int NOT NULL,
  PRIMARY KEY (idToken),
  KEY fk_tokens_usuarios1_idx (idUsuario),
  CONSTRAINT fk_tokens_usuarios1 FOREIGN KEY (idUsuario) REFERENCES usuarios (idUsuario)
);
INSERT INTO tokens VALUES (1,'eyJhbGciOiJIUzI1NiJ9.eyJjb3JyZW8iOiJhZG1pbkBkaC5jb20iLCJyb2wiOiJBRE1JTiIsInN1YiI6ImFkbWluQGRoLmNvbSIsImlhdCI6MTY4NTMyMzU0OCwiZXhwIjoxNjg1MzI3MTQ4fQ.R3lQdd69ynexcDBnUKJZA4kOA3O1bYjr_9HZWWVCgd4',1,1,13),(2,'eyJhbGciOiJIUzI1NiJ9.eyJjb3JyZW8iOiJhZG1pbkBkaC5jb20iLCJyb2wiOiJBRE1JTiIsInN1YiI6ImFkbWluQGRoLmNvbSIsImlhdCI6MTY4NTMyMzU1MCwiZXhwIjoxNjg1MzI3MTUwfQ.21iOWZbodWI5zvgYo0r2IvOhuNt1F_Pu-ApiAclO2Po',1,1,13),(3,'eyJhbGciOiJIUzI1NiJ9.eyJjb3JyZW8iOiJhZG1pbkBkaC5jb20iLCJyb2wiOiJBRE1JTiIsInN1YiI6ImFkbWluQGRoLmNvbSIsImlhdCI6MTY4NTMyMzU0OSwiZXhwIjoxNjg1MzI3MTQ5fQ.m54FDf1NO3SqzbWfy8hP7RmTeUbdyTykq8k2FnKOPuk',1,1,13),(4,'eyJhbGciOiJIUzI1NiJ9.eyJjb3JyZW8iOiJhZG1pbkBkaC5jb20iLCJyb2wiOiJBRE1JTiIsInN1YiI6ImFkbWluQGRoLmNvbSIsImlhdCI6MTY4NTMyMzU1MSwiZXhwIjoxNjg1MzI3MTUxfQ.L40JxqS8nJprW5njamOt1E_DiB4JL8Jo8G0vrRNCgbs',1,1,13),(5,'eyJhbGciOiJIUzI1NiJ9.eyJjb3JyZW8iOiJhZG1pbkBkaC5jb20iLCJyb2wiOiJBRE1JTiIsInN1YiI6ImFkbWluQGRoLmNvbSIsImlhdCI6MTY4NTMyMzU1MCwiZXhwIjoxNjg1MzI3MTUwfQ.21iOWZbodWI5zvgYo0r2IvOhuNt1F_Pu-ApiAclO2Po',1,1,13),(6,'eyJhbGciOiJIUzI1NiJ9.eyJjb3JyZW8iOiJhZG1pbkBkaC5jb20iLCJyb2wiOiJBRE1JTiIsInN1YiI6ImFkbWluQGRoLmNvbSIsImlhdCI6MTY4NTMyMzU1MiwiZXhwIjoxNjg1MzI3MTUyfQ.OqwLVGZBFsDuVHSjsepA0cvlKC5OBrf-blty71wdpL0',1,1,13),(7,'eyJhbGciOiJIUzI1NiJ9.eyJjb3JyZW8iOiJhZG1pbkBkaC5jb20iLCJyb2wiOiJBRE1JTiIsInN1YiI6ImFkbWluQGRoLmNvbSIsImlhdCI6MTY4NTMyMzU1MiwiZXhwIjoxNjg1MzI3MTUyfQ.OqwLVGZBFsDuVHSjsepA0cvlKC5OBrf-blty71wdpL0',1,1,13),(8,'eyJhbGciOiJIUzI1NiJ9.eyJjb3JyZW8iOiJhZG1pbkBkaC5jb20iLCJyb2wiOiJBRE1JTiIsInN1YiI6ImFkbWluQGRoLmNvbSIsImlhdCI6MTY4NTMyMzU1MywiZXhwIjoxNjg1MzI3MTUzfQ.4asC0W2RepOAFOjjhVmTumr2PQEZdHfEmg2bK7iMN3I',1,1,13),(9,'eyJhbGciOiJIUzI1NiJ9.eyJjb3JyZW8iOiJhZG1pbkBkaC5jb20iLCJyb2wiOiJBRE1JTiIsInN1YiI6ImFkbWluQGRoLmNvbSIsImlhdCI6MTY4NTMyMzU1NCwiZXhwIjoxNjg1MzI3MTU0fQ.fHiz1gl5XmLFYxTW8VtZkbTc8Xg3-boj_q4tzhwddZI',1,1,13),(10,'eyJhbGciOiJIUzI1NiJ9.eyJjb3JyZW8iOiJhZG1pbkBkaC5jb20iLCJyb2wiOiJBRE1JTiIsInN1YiI6ImFkbWluQGRoLmNvbSIsImlhdCI6MTY4NTMyMzc4NywiZXhwIjoxNjg1MzI3Mzg3fQ.JfVZPdMdhBWRahcQJiBbrwobNlAZUPRlYsgG-R1gX8Y',1,1,13),(11,'eyJhbGciOiJIUzI1NiJ9.eyJjb3JyZW8iOiJhZG1pbkBkaC5jb20iLCJyb2wiOiJBRE1JTiIsInN1YiI6ImFkbWluQGRoLmNvbSIsImlhdCI6MTY4NTMyMzc4OCwiZXhwIjoxNjg1MzI3Mzg4fQ.-vsk40zwI2yK918eyuJ0GepIiVFZYlTYtLkFycnjXFc',1,1,13),(12,'eyJhbGciOiJIUzI1NiJ9.eyJjb3JyZW8iOiJhZG1pbkBkaC5jb20iLCJyb2wiOiJBRE1JTiIsInN1YiI6ImFkbWluQGRoLmNvbSIsImlhdCI6MTY4NTMyNDAxNSwiZXhwIjoxNjg1MzI3NjE1fQ.2wyJJXv5swHjs5j-c7IhIPDB-sD6Wbo_wIvAZkHPiq4',1,1,13),(13,'eyJhbGciOiJIUzI1NiJ9.eyJjb3JyZW8iOiJhZG1pbkBkaC5jb20iLCJyb2wiOiJBRE1JTiIsInN1YiI6ImFkbWluQGRoLmNvbSIsImlhdCI6MTY4NTMyNDAxOCwiZXhwIjoxNjg1MzI3NjE4fQ.fAI0Pg-RvkWcvFTxdLoHGTHf8Um_lc02O7tXHC4NjIo',1,1,13),(14,'eyJhbGciOiJIUzI1NiJ9.eyJjb3JyZW8iOiJhZG1pbkBkaC5jb20iLCJyb2wiOiJBRE1JTiIsInN1YiI6ImFkbWluQGRoLmNvbSIsImlhdCI6MTY4NTMyNDAzNSwiZXhwIjoxNjg1MzI3NjM1fQ.vCYhzZQFsJDPcpq0j4IAw8w58TmKug3kkayWUfM0GsE',1,1,13),(15,'eyJhbGciOiJIUzI1NiJ9.eyJjb3JyZW8iOiJhZG1pbkBkaC5jb20iLCJyb2wiOiJBRE1JTiIsInN1YiI6ImFkbWluQGRoLmNvbSIsImlhdCI6MTY4NTMyNDEwOCwiZXhwIjoxNjg1MzI3NzA4fQ.QRbDPUxxK_eLwNHFEd_dM9fRAm1VRYQGtJlLRLhjxM0',1,1,13),(16,'eyJhbGciOiJIUzI1NiJ9.eyJjb3JyZW8iOiJkYW5pZWxAbWFpbC5jb20iLCJyb2wiOiJDTElFTlRFIiwic3ViIjoiZGFuaWVsQG1haWwuY29tIiwiaWF0IjoxNjg1MzI1MjU1LCJleHAiOjE2ODUzMjg4NTV9.4rE3A4CLYWv0XoleitxBxSb3Un917D6UFXzi7tV1Qqc',0,0,22),(17,'eyJhbGciOiJIUzI1NiJ9.eyJjb3JyZW8iOiJmZWxpcGVAbWFpbC5jb20iLCJyb2wiOiJDTElFTlRFIiwic3ViIjoiZmVsaXBlQG1haWwuY29tIiwiaWF0IjoxNjg1MzMyOTQ0LCJleHAiOjE2ODUzMzY1NDR9.wrGKzzuZorligZXiktGfeabYVDCpCKozSHI_kW8UC3o',0,0,23),(18,'eyJhbGciOiJIUzI1NiJ9.eyJjb3JyZW8iOiJsYXVyYWFAbWFpbC5jb20iLCJyb2wiOiJDTElFTlRFIiwic3ViIjoibGF1cmFhQG1haWwuY29tIiwiaWF0IjoxNjg1MzY4MDcyLCJleHAiOjE2ODUzNzE2NzJ9.Z3PHLtMnQiqrlFY1LqJGbZsp9XTBiB4pMIj4uEqd3rA',0,0,24),(19,'eyJhbGciOiJIUzI1NiJ9.eyJjb3JyZW8iOiJkYWlyb0BtYWlsLmNvbSIsInJvbCI6IkNMSUVOVEUiLCJzdWIiOiJkYWlyb0BtYWlsLmNvbSIsImlhdCI6MTY4NTM3MDIwNiwiZXhwIjoxNjg1MzczODA2fQ.5p5sBvDDYjBZsz08G9mUAN3qeXK3_nlpW2VnULunJV8',0,0,25),(20,'eyJhbGciOiJIUzI1NiJ9.eyJjb3JyZW8iOiJyZW5lX2Rlc2NhcnRlc0B0ZXN0LmNvbSIsInJvbCI6IkNMSUVOVEUiLCJzdWIiOiJyZW5lX2Rlc2NhcnRlc0B0ZXN0LmNvbSIsImlhdCI6MTY4NTM3OTQzNSwiZXhwIjoxNjg1MzgzMDM1fQ.eCxfkIn1b0I14fhAJ1v5JGqPzqokac8oxNOBHDg7wiM',0,0,26),(21,'eyJhbGciOiJIUzI1NiJ9.eyJjb3JyZW8iOiJyZW5lX2Rlc2NhcnRlczNAdGVzdC5jb20iLCJyb2wiOiJDTElFTlRFIiwic3ViIjoicmVuZV9kZXNjYXJ0ZXMzQHRlc3QuY29tIiwiaWF0IjoxNjg1MzgwOTM0LCJleHAiOjE2ODUzODQ1MzR9.Ro9UM4yN4OgH-lUt0scLJn44zQD3b_-zcTnDNoCUKzI',1,1,28),(22,'eyJhbGciOiJIUzI1NiJ9.eyJjb3JyZW8iOiJyZW5lX2Rlc2NhcnRlczNAdGVzdC5jb20iLCJyb2wiOiJDTElFTlRFIiwic3ViIjoicmVuZV9kZXNjYXJ0ZXMzQHRlc3QuY29tIiwiaWF0IjoxNjg1MzgxMDAwLCJleHAiOjE2ODUzODQ2MDB9.6Wx4HYTBHSZXk4yXEXGH7q4ndxPfJ_zKppGJTNt6Ka4',0,0,28),(23,'eyJhbGciOiJIUzI1NiJ9.eyJjb3JyZW8iOiJlZHVhckBtYWlsLmNvbSIsInJvbCI6IkNMSUVOVEUiLCJzdWIiOiJlZHVhckBtYWlsLmNvbSIsImlhdCI6MTY4NTM5MjU4NCwiZXhwIjoxNjg1Mzk2MTg0fQ.BIrhCwSO58a-aWhV5IZD2SgULzg1hmph-kvajOIb81I',0,0,29),(24,'eyJhbGciOiJIUzI1NiJ9.eyJjb3JyZW8iOiJzYW5kcml0YUBtYWlsLmNvbSIsInJvbCI6IkNMSUVOVEUiLCJzdWIiOiJzYW5kcml0YUBtYWlsLmNvbSIsImlhdCI6MTY4NTM5NDI2NCwiZXhwIjoxNjg1Mzk3ODY0fQ.9XKHko8oqYBZwJOS7HNFcVpBmq2Q0sr8C-Ypv8l-ubI',0,0,30),(25,'eyJhbGciOiJIUzI1NiJ9.eyJjb3JyZW8iOiJ0ZXN0LXJlZ2lzdHJvQHRlc3QuY29tIiwicm9sIjoiQ0xJRU5URSIsInN1YiI6InRlc3QtcmVnaXN0cm9AdGVzdC5jb20iLCJpYXQiOjE2ODUzOTQ0NzksImV4cCI6MTY4NTM5ODA3OX0.lbpK3E-69-osFzN9RJxt1LFvUxnubXhH8Yu-LjTTSMg',0,0,31),(26,'eyJhbGciOiJIUzI1NiJ9.eyJjb3JyZW8iOiJhZG1pbkBkaC5jb20iLCJyb2wiOiJBRE1JTiIsInN1YiI6ImFkbWluQGRoLmNvbSIsImlhdCI6MTY4NTQwMzQwNSwiZXhwIjoxNjg1NDA3MDA1fQ.kIKS5VGF0kXbW8o7OOebvrfz5OrJniAd9wlHVuhy0Xc',1,1,13),(27,'eyJhbGciOiJIUzI1NiJ9.eyJjb3JyZW8iOiJhZG1pbkBkaC5jb20iLCJyb2wiOiJBRE1JTiIsInN1YiI6ImFkbWluQGRoLmNvbSIsImlhdCI6MTY4NTQwMzQwOCwiZXhwIjoxNjg1NDA3MDA4fQ.BOweAMjc0hbqUFH3YC7Y2a_AtooUmgrWIEX0ISn3z_Q',1,1,13),(28,'eyJhbGciOiJIUzI1NiJ9.eyJjb3JyZW8iOiJhZG1pbkBkaC5jb20iLCJyb2wiOiJBRE1JTiIsInN1YiI6ImFkbWluQGRoLmNvbSIsImlhdCI6MTY4NTQwMzQwOSwiZXhwIjoxNjg1NDA3MDA5fQ.dhI9hcYibLgJMddsUEe9QPm8p0FYM5Ta2Qm0Lz4HWm4',1,1,13),(29,'eyJhbGciOiJIUzI1NiJ9.eyJjb3JyZW8iOiJhZG1pbkBkaC5jb20iLCJyb2wiOiJBRE1JTiIsInN1YiI6ImFkbWluQGRoLmNvbSIsImlhdCI6MTY4NTQwMzQwOCwiZXhwIjoxNjg1NDA3MDA4fQ.BOweAMjc0hbqUFH3YC7Y2a_AtooUmgrWIEX0ISn3z_Q',1,1,13),(30,'eyJhbGciOiJIUzI1NiJ9.eyJjb3JyZW8iOiJhZG1pbkBkaC5jb20iLCJyb2wiOiJBRE1JTiIsInN1YiI6ImFkbWluQGRoLmNvbSIsImlhdCI6MTY4NTQwMzQwOSwiZXhwIjoxNjg1NDA3MDA5fQ.dhI9hcYibLgJMddsUEe9QPm8p0FYM5Ta2Qm0Lz4HWm4',1,1,13),(31,'eyJhbGciOiJIUzI1NiJ9.eyJjb3JyZW8iOiJhZG1pbkBkaC5jb20iLCJyb2wiOiJBRE1JTiIsInN1YiI6ImFkbWluQGRoLmNvbSIsImlhdCI6MTY4NTQwMzQwOCwiZXhwIjoxNjg1NDA3MDA4fQ.BOweAMjc0hbqUFH3YC7Y2a_AtooUmgrWIEX0ISn3z_Q',1,1,13),(32,'eyJhbGciOiJIUzI1NiJ9.eyJjb3JyZW8iOiJwcnVlYmFkaWdpdGFsaEBnbWFpbC5jb20iLCJyb2wiOiJDTElFTlRFIiwic3ViIjoicHJ1ZWJhZGlnaXRhbGhAZ21haWwuY29tIiwiaWF0IjoxNjg1NDAzNDY1LCJleHAiOjE2ODU0MDcwNjV9.TyNXyMMsV8766F9gutplGOEWNEREEohh8GrjuiEZrUA',0,0,32),(33,'eyJhbGciOiJIUzI1NiJ9.eyJjb3JyZW8iOiJtZXZhbGNnbWFpbC5jb20iLCJyb2wiOiJDTElFTlRFIiwic3ViIjoibWV2YWxjZ21haWwuY29tIiwiaWF0IjoxNjg1NDExNTI3LCJleHAiOjE2ODU0MTUxMjd9.mjGA9qaNskhN1Y3iknVML5RGakL4lobHtnF2Yb9e4aY',0,0,33),(34,'eyJhbGciOiJIUzI1NiJ9.eyJjb3JyZW8iOiJoYXJyeXBvdHRlcmdtYWlsLmNvbSIsInJvbCI6IkNMSUVOVEUiLCJzdWIiOiJoYXJyeXBvdHRlcmdtYWlsLmNvbSIsImlhdCI6MTY4NTQxMTUzMSwiZXhwIjoxNjg1NDE1MTMxfQ.tP_2QgH3kR94ofyd_fH5PpOoy4KZ6z-URfkxk5d4YYo',0,0,34),(35,'eyJhbGciOiJIUzI1NiJ9.eyJjb3JyZW8iOiJtZWxhc2NvbSIsInJvbCI6IkNMSUVOVEUiLCJzdWIiOiJtZWxhc2NvbSIsImlhdCI6MTY4NTQxMTU5OCwiZXhwIjoxNjg1NDE1MTk4fQ.vpJfxRqYbdyd175xu-NSrYxbS0cg1qo5mifOwASFDog',0,0,35),(36,'eyJhbGciOiJIUzI1NiJ9.eyJjb3JyZW8iOiJhZG1pbkBkaC5jb20iLCJyb2wiOiJBRE1JTiIsInN1YiI6ImFkbWluQGRoLmNvbSIsImlhdCI6MTY4NTQxNDk0OCwiZXhwIjoxNjg1NDE4NTQ4fQ.K8fK_-plTlfAsb5cfdgytZUdeN69AAjvjf1tdZm_gRk',1,1,13),(37,'eyJhbGciOiJIUzI1NiJ9.eyJjb3JyZW8iOiJhZG1pbkBkaC5jb20iLCJyb2wiOiJBRE1JTiIsInN1YiI6ImFkbWluQGRoLmNvbSIsImlhdCI6MTY4NTQxOTA5NiwiZXhwIjoxNjg1NDIyNjk2fQ.i2t6jMiv9rWqjNtaIrdziT3we_EMFzXwPS434Ai9t2U',1,1,13),(38,'eyJhbGciOiJIUzI1NiJ9.eyJjb3JyZW8iOiJhZG1pbkBkaC5jb20iLCJyb2wiOiJBRE1JTiIsInN1YiI6ImFkbWluQGRoLmNvbSIsImlhdCI6MTY4NTQyMDE0MCwiZXhwIjoxNjg1NDIzNzQwfQ.T_gTDROwmSQm6rOtiMkAXnLxNDFm3Ce_lqmEuYMr4P0',1,1,13),(39,'eyJhbGciOiJIUzI1NiJ9.eyJjb3JyZW8iOiJhZG1pbkBkaC5jb20iLCJyb2wiOiJBRE1JTiIsInN1YiI6ImFkbWluQGRoLmNvbSIsImlhdCI6MTY4NTQyMDI0MywiZXhwIjoxNjg1NDIzODQzfQ.jPqGX810cyB8QcDQYae4LfEU5R-LgDBj5KWTP4rjGH0',1,1,13),(40,'eyJhbGciOiJIUzI1NiJ9.eyJjb3JyZW8iOiJhZG1pbkBkaC5jb20iLCJyb2wiOiJBRE1JTiIsInN1YiI6ImFkbWluQGRoLmNvbSIsImlhdCI6MTY4NTQyMDM0OCwiZXhwIjoxNjg1NDIzOTQ4fQ.pAmH4ucVs_y6uAlIGkBn4g_I2qo6ggdAYme1LdQGLHY',1,1,13),(41,'eyJhbGciOiJIUzI1NiJ9.eyJjb3JyZW8iOiJhZG1pbkBkaC5jb20iLCJyb2wiOiJBRE1JTiIsInN1YiI6ImFkbWluQGRoLmNvbSIsImlhdCI6MTY4NTQyMDc5NCwiZXhwIjoxNjg1NDI0Mzk0fQ.8ItUTSzbYRlvM6t80LWh9G_i0rVxXA7KNcuuOL5t73A',1,1,13),(42,'eyJhbGciOiJIUzI1NiJ9.eyJjb3JyZW8iOiJhZG1pbkBkaC5jb20iLCJyb2wiOiJBRE1JTiIsInN1YiI6ImFkbWluQGRoLmNvbSIsImlhdCI6MTY4NTQyMDk0OCwiZXhwIjoxNjg1NDI0NTQ4fQ.qX_DR7WRB7N5JCos-kuVwT2dh73nRBSwnhZpAoFOyLY',1,1,13),(43,'eyJhbGciOiJIUzI1NiJ9.eyJjb3JyZW8iOiJhZG1pbkBkaC5jb20iLCJyb2wiOiJBRE1JTiIsInN1YiI6ImFkbWluQGRoLmNvbSIsImlhdCI6MTY4NTQyMTEzMywiZXhwIjoxNjg1NDI0NzMzfQ.BOwvavlsd7R3Hvbc7tFMCPTRbvqwFHaOL6GbNpP3m2I',1,1,13),(44,'eyJhbGciOiJIUzI1NiJ9.eyJjb3JyZW8iOiJhZG1pbkBkaC5jb20iLCJyb2wiOiJBRE1JTiIsInN1YiI6ImFkbWluQGRoLmNvbSIsImlhdCI6MTY4NTQyMTMwNiwiZXhwIjoxNjg1NDI0OTA2fQ.L4hK7J-OMW5KZN4vsw2xnlnZ_PVS83zOKkYW7yLeTA4',1,1,13),(45,'eyJhbGciOiJIUzI1NiJ9.eyJjb3JyZW8iOiJhZG1pbkBkaC5jb20iLCJyb2wiOiJBRE1JTiIsInN1YiI6ImFkbWluQGRoLmNvbSIsImlhdCI6MTY4NTQyMTc5NywiZXhwIjoxNjg1NDI1Mzk3fQ.I969eTknyYrBAIv7pDmdqU4x7rT29i6Wcd3AQmoKVmA',1,1,13),(46,'eyJhbGciOiJIUzI1NiJ9.eyJjb3JyZW8iOiJhZG1pbkBkaC5jb20iLCJyb2wiOiJBRE1JTiIsInN1YiI6ImFkbWluQGRoLmNvbSIsImlhdCI6MTY4NTQyMTg2MSwiZXhwIjoxNjg1NDI1NDYxfQ.YbLA3R_JE804LD4vy-ZbEb3vwUls6tyxgTcY1SIn5DU',1,1,13),(47,'eyJhbGciOiJIUzI1NiJ9.eyJjb3JyZW8iOiJhZG1pbkBkaC5jb20iLCJyb2wiOiJBRE1JTiIsInN1YiI6ImFkbWluQGRoLmNvbSIsImlhdCI6MTY4NTQyMjMwMywiZXhwIjoxNjg1NDI1OTAzfQ.ohFEBM56Q9HLYjtA4Y0As-tnvq2zEO7YArVY2RoW1oQ',1,1,13),(48,'eyJhbGciOiJIUzI1NiJ9.eyJjb3JyZW8iOiJhZG1pbkBkaC5jb20iLCJyb2wiOiJBRE1JTiIsInN1YiI6ImFkbWluQGRoLmNvbSIsImlhdCI6MTY4NTQyMjcwNiwiZXhwIjoxNjg1NDI2MzA2fQ.9ZBWxfj5BY3HiPk3qWXoVs2wPf_ANMoxXWPBevQbXoM',1,1,13),(49,'eyJhbGciOiJIUzI1NiJ9.eyJjb3JyZW8iOiJhZG1pbkBkaC5jb20iLCJyb2wiOiJBRE1JTiIsInN1YiI6ImFkbWluQGRoLmNvbSIsImlhdCI6MTY4NTQyMjc1MywiZXhwIjoxNjg1NDI2MzUzfQ.C8nrP5dygYGZQVL8Axu1ibTLcoXsO4drdYCGqBEVE1g',1,1,13),(50,'eyJhbGciOiJIUzI1NiJ9.eyJjb3JyZW8iOiJhZG1pbkBkaC5jb20iLCJyb2wiOiJBRE1JTiIsInN1YiI6ImFkbWluQGRoLmNvbSIsImlhdCI6MTY4NTQyMjgyNywiZXhwIjoxNjg1NDI2NDI3fQ.AXRl_kq4BBXkbqdg4aTMF1M8LFs0FLNUeglmGZWDYqE',1,1,13),(51,'eyJhbGciOiJIUzI1NiJ9.eyJjb3JyZW8iOiJhZG1pbkBkaC5jb20iLCJyb2wiOiJBRE1JTiIsInN1YiI6ImFkbWluQGRoLmNvbSIsImlhdCI6MTY4NTQyMjg3MCwiZXhwIjoxNjg1NDI2NDcwfQ.mFJlBFN3PUkihNKBTa0WcWfhMeC1IXrvPYKWvkqi6ts',1,1,13),(52,'eyJhbGciOiJIUzI1NiJ9.eyJjb3JyZW8iOiJhZG1pbkBkaC5jb20iLCJyb2wiOiJBRE1JTiIsInN1YiI6ImFkbWluQGRoLmNvbSIsImlhdCI6MTY4NTQyMjg4NCwiZXhwIjoxNjg1NDI2NDg0fQ._6HOYhoGOis14uBFsyAzF5oso9no7cdvJZMEJr6kSQ4',1,1,13),(53,'eyJhbGciOiJIUzI1NiJ9.eyJjb3JyZW8iOiJhZG1pbkBkaC5jb20iLCJyb2wiOiJBRE1JTiIsInN1YiI6ImFkbWluQGRoLmNvbSIsImlhdCI6MTY4NTQyMzE2NSwiZXhwIjoxNjg1NDI2NzY1fQ.RsgRkTA2KW7ZeHXHleKn4EFJMOIFztvXcqNrr34zki4',1,1,13),(54,'eyJhbGciOiJIUzI1NiJ9.eyJjb3JyZW8iOiJhZG1pbkBkaC5jb20iLCJyb2wiOiJBRE1JTiIsInN1YiI6ImFkbWluQGRoLmNvbSIsImlhdCI6MTY4NTQyMzUxNCwiZXhwIjoxNjg1NDI3MTE0fQ.X22Ag-PykSWKszBv6JaFRjIncFw6gaL4GlYe137P_kU',1,1,13),(55,'eyJhbGciOiJIUzI1NiJ9.eyJjb3JyZW8iOiJhZG1pbkBkaC5jb20iLCJyb2wiOiJBRE1JTiIsInN1YiI6ImFkbWluQGRoLmNvbSIsImlhdCI6MTY4NTQyNDcwMCwiZXhwIjoxNjg1NDI4MzAwfQ.FeRs1rgNvb7EDqHa5amd_NRbD7zx4K9bYWvQLTnTzHU',1,1,13),(56,'eyJhbGciOiJIUzI1NiJ9.eyJjb3JyZW8iOiJhZG1pbkBkaC5jb20iLCJyb2wiOiJBRE1JTiIsInN1YiI6ImFkbWluQGRoLmNvbSIsImlhdCI6MTY4NTQyNDc2NywiZXhwIjoxNjg1NDI4MzY3fQ.LJ-3lgcVGJRaEOe6PfIQ7DMDEkvi8KgC92PF3e4IDs4',1,1,13),(57,'eyJhbGciOiJIUzI1NiJ9.eyJjb3JyZW8iOiJhZG1pbkBkaC5jb20iLCJyb2wiOiJBRE1JTiIsInN1YiI6ImFkbWluQGRoLmNvbSIsImlhdCI6MTY4NTQyNTAwMiwiZXhwIjoxNjg1NDI4NjAyfQ.MeDISqrONzQJwPzqBPSL3XrMDB0VV_kegPgDvTVycl0',1,1,13),(58,'eyJhbGciOiJIUzI1NiJ9.eyJjb3JyZW8iOiJhZG1pbkBkaC5jb20iLCJyb2wiOiJBRE1JTiIsInN1YiI6ImFkbWluQGRoLmNvbSIsImlhdCI6MTY4NTQyNTI1MSwiZXhwIjoxNjg1NDI4ODUxfQ.2BlrSl4FNF3XwW0N8Aq5gl8cqfIROtb9PeUigxZHvuk',1,1,13),(59,'eyJhbGciOiJIUzI1NiJ9.eyJjb3JyZW8iOiJhZG1pbkBkaC5jb20iLCJyb2wiOiJBRE1JTiIsInN1YiI6ImFkbWluQGRoLmNvbSIsImlhdCI6MTY4NTQyNTMwOSwiZXhwIjoxNjg1NDI4OTA5fQ.DzCf3HYM09tE3DnmOJa0u7CXCgnqvLZb84gLqzbi1uw',1,1,13),(60,'eyJhbGciOiJIUzI1NiJ9.eyJjb3JyZW8iOiJhZG1pbkBkaC5jb20iLCJyb2wiOiJBRE1JTiIsInN1YiI6ImFkbWluQGRoLmNvbSIsImlhdCI6MTY4NTQyNTM2NywiZXhwIjoxNjg1NDI4OTY3fQ.7U-QMV17v5MwZqQrsSR6YEqNPo8c2Ft9PGCnW3zPMa0',1,1,13),(61,'eyJhbGciOiJIUzI1NiJ9.eyJjb3JyZW8iOiJhZG1pbkBkaC5jb20iLCJyb2wiOiJBRE1JTiIsInN1YiI6ImFkbWluQGRoLmNvbSIsImlhdCI6MTY4NTQyNTQ0MCwiZXhwIjoxNjg1NDI5MDQwfQ.4935T9XQ0LdmsbWxh3gfDUHvw-fYTGV1C5dFwAslfd8',1,1,13),(62,'eyJhbGciOiJIUzI1NiJ9.eyJjb3JyZW8iOiJhZG1pbkBkaC5jb20iLCJyb2wiOiJBRE1JTiIsInN1YiI6ImFkbWluQGRoLmNvbSIsImlhdCI6MTY4NTQyNTU0OSwiZXhwIjoxNjg1NDI5MTQ5fQ.fCkQ5QSa6fEJ_F-YYWWOUXTBNAB4i9_K8Rtbajf9AVQ',1,1,13),(63,'eyJhbGciOiJIUzI1NiJ9.eyJjb3JyZW8iOiJhZG1pbkBkaC5jb20iLCJyb2wiOiJBRE1JTiIsInN1YiI6ImFkbWluQGRoLmNvbSIsImlhdCI6MTY4NTQyNTcyMiwiZXhwIjoxNjg1NDI5MzIyfQ.nC5n5EC0_tf7Yp6H4PSRk8IhLPPfpjLLT2CPxf5w4lo',1,1,13),(64,'eyJhbGciOiJIUzI1NiJ9.eyJjb3JyZW8iOiJhZG1pbkBkaC5jb20iLCJyb2wiOiJBRE1JTiIsInN1YiI6ImFkbWluQGRoLmNvbSIsImlhdCI6MTY4NTQyNTc4MSwiZXhwIjoxNjg1NDI5MzgxfQ.eG8xX29GJpsLynQa3MUWZjL78LnYz-tYTxB91dDe7NY',1,1,13),(65,'eyJhbGciOiJIUzI1NiJ9.eyJjb3JyZW8iOiJlbWFfc2NoaWFwcGE4OEBvLmFyIiwicm9sIjoiQ0xJRU5URSIsInN1YiI6ImVtYV9zY2hpYXBwYTg4QG8uYXIiLCJpYXQiOjE2ODU0MjU4MzIsImV4cCI6MTY4NTQyOTQzMn0.REXDjngbTBYARYGczUiP2u8lRj0wR5H73mTc0mYem0E',0,0,36),(66,'eyJhbGciOiJIUzI1NiJ9.eyJjb3JyZW8iOiJpdmlrb3dAZ21haWwuY29tIiwicm9sIjoiQ0xJRU5URSIsInN1YiI6Iml2aWtvd0BnbWFpbC5jb20iLCJpYXQiOjE2ODU0MjYwNjcsImV4cCI6MTY4NTQyOTY2N30.3a8doSM2UHT3igSssaAAytHALv-Y8Taz03houDefjvM',0,0,37),(67,'eyJhbGciOiJIUzI1NiJ9.eyJjb3JyZW8iOiJhZG1pbkBkaC5jb20iLCJyb2wiOiJBRE1JTiIsInN1YiI6ImFkbWluQGRoLmNvbSIsImlhdCI6MTY4NTQyNjE2NiwiZXhwIjoxNjg1NDI5NzY2fQ.MXYkFjNsyaOm-VF9n2EZir8L6OdBOCoSnko6NoXfSVg',1,1,13),(68,'eyJhbGciOiJIUzI1NiJ9.eyJjb3JyZW8iOiJhZG1pbkBkaC5jb20iLCJyb2wiOiJBRE1JTiIsInN1YiI6ImFkbWluQGRoLmNvbSIsImlhdCI6MTY4NTQyNjE2NiwiZXhwIjoxNjg1NDI5NzY2fQ.MXYkFjNsyaOm-VF9n2EZir8L6OdBOCoSnko6NoXfSVg',1,1,13),(69,'eyJhbGciOiJIUzI1NiJ9.eyJjb3JyZW8iOiJhZG1pbkBkaC5jb20iLCJyb2wiOiJBRE1JTiIsInN1YiI6ImFkbWluQGRoLmNvbSIsImlhdCI6MTY4NTQyNjE4OSwiZXhwIjoxNjg1NDI5Nzg5fQ.jV3NgdFKbHQPVxVzKOpLjTjUuzUQc0cy3yG9ZMI11WA',1,1,13),(70,'eyJhbGciOiJIUzI1NiJ9.eyJjb3JyZW8iOiJhZG1pbkBkaC5jb20iLCJyb2wiOiJBRE1JTiIsInN1YiI6ImFkbWluQGRoLmNvbSIsImlhdCI6MTY4NTQyNjI2NSwiZXhwIjoxNjg1NDI5ODY1fQ.WfRQDSbjdwXLH-IubNqfoGPG4V-_T5jYw1I63qhRxQM',1,1,13),(71,'eyJhbGciOiJIUzI1NiJ9.eyJjb3JyZW8iOiJhZG1pbkBkaC5jb20iLCJyb2wiOiJBRE1JTiIsInN1YiI6ImFkbWluQGRoLmNvbSIsImlhdCI6MTY4NTQyNjI4NiwiZXhwIjoxNjg1NDI5ODg2fQ.DD4_0hVEIQse9T7J-ZzPvV1ULdRZI_PAUAbV2Mng5CI',1,1,13),(72,'eyJhbGciOiJIUzI1NiJ9.eyJjb3JyZW8iOiJhZG1pbkBkaC5jb20iLCJyb2wiOiJBRE1JTiIsInN1YiI6ImFkbWluQGRoLmNvbSIsImlhdCI6MTY4NTQzNzQ1OCwiZXhwIjoxNjg1NDQxMDU4fQ.ihGK5ct3QDoxnCt9GODQLEHNsrHcyaDOEM5coDctdaw',1,1,13),(73,'eyJhbGciOiJIUzI1NiJ9.eyJjb3JyZW8iOiJhZG1pbkBkaC5jb20iLCJyb2wiOiJBRE1JTiIsInN1YiI6ImFkbWluQGRoLmNvbSIsImlhdCI6MTY4NTQ5Mzg1NywiZXhwIjoxNjg1NDk3NDU3fQ.28E42yJtLs8gcK8BWUqGJ3b7mwpcG-ikFwxNnsyKwOc',1,1,13),(74,'eyJhbGciOiJIUzI1NiJ9.eyJjb3JyZW8iOiJhZG1pbkBkaC5jb20iLCJyb2wiOiJBRE1JTiIsInN1YiI6ImFkbWluQGRoLmNvbSIsImlhdCI6MTY4NTQ5NDk3MiwiZXhwIjoxNjg1NDk4NTcyfQ.wmhZsx06kZq0aY4pJ-C1Vaj-22CFyHUcC8B7eGhPGO4',1,1,13),(75,'eyJhbGciOiJIUzI1NiJ9.eyJjb3JyZW8iOiJhZG1pbkBkaC5jb20iLCJyb2wiOiJBRE1JTiIsInN1YiI6ImFkbWluQGRoLmNvbSIsImlhdCI6MTY4NTQ5NjA0NywiZXhwIjoxNjg1NDk5NjQ3fQ.yepMCKNVS23IWa3Bmfw2uyd1DOIQhU2treGsejpV9kQ',1,1,13),(76,'eyJhbGciOiJIUzI1NiJ9.eyJjb3JyZW8iOiJhZG1pbkBkaC5jb20iLCJyb2wiOiJBRE1JTiIsInN1YiI6ImFkbWluQGRoLmNvbSIsImlhdCI6MTY4NTQ5NzA4NiwiZXhwIjoxNjg1NTAwNjg2fQ.fVhlIpM59shLrhMF3kfT5_8830638RoSX6GZ9thtF5c',1,1,13),(77,'eyJhbGciOiJIUzI1NiJ9.eyJjb3JyZW8iOiJhZG1pbkBkaC5jb20iLCJyb2wiOiJBRE1JTiIsInN1YiI6ImFkbWluQGRoLmNvbSIsImlhdCI6MTY4NTQ5NzA5MiwiZXhwIjoxNjg1NTAwNjkyfQ.X86IO0p5J5RI9Scp_0G1b2xxyJpcgv7_SAbO81wgFqg',1,1,13),(78,'eyJhbGciOiJIUzI1NiJ9.eyJjb3JyZW8iOiJhZG1pbkBkaC5jb20iLCJyb2wiOiJBRE1JTiIsInN1YiI6ImFkbWluQGRoLmNvbSIsImlhdCI6MTY4NTQ5NzA5NywiZXhwIjoxNjg1NTAwNjk3fQ.lt5Vi2ZRn4og7_-4cRC35jlA5L3ywF8UzY83F3vioYA',1,1,13),(79,'eyJhbGciOiJIUzI1NiJ9.eyJjb3JyZW8iOiJhZG1pbkBkaC5jb20iLCJyb2wiOiJBRE1JTiIsInN1YiI6ImFkbWluQGRoLmNvbSIsImlhdCI6MTY4NTQ5NzA5OCwiZXhwIjoxNjg1NTAwNjk4fQ.yunQ0IRfWRu_J6YF5_w6cKj8us1TckpPVy6HtLB2Hnc',1,1,13),(80,'eyJhbGciOiJIUzI1NiJ9.eyJjb3JyZW8iOiJhZG1pbkBkaC5jb20iLCJyb2wiOiJBRE1JTiIsInN1YiI6ImFkbWluQGRoLmNvbSIsImlhdCI6MTY4NTQ5NzA5OCwiZXhwIjoxNjg1NTAwNjk4fQ.yunQ0IRfWRu_J6YF5_w6cKj8us1TckpPVy6HtLB2Hnc',1,1,13),(81,'eyJhbGciOiJIUzI1NiJ9.eyJjb3JyZW8iOiJhZG1pbkBkaC5jb20iLCJyb2wiOiJBRE1JTiIsInN1YiI6ImFkbWluQGRoLmNvbSIsImlhdCI6MTY4NTQ5NzA5OSwiZXhwIjoxNjg1NTAwNjk5fQ.D27SimTlLYoJo93FKZtgHod7PAE_twfA95PJjgZQvSo',1,1,13),(82,'eyJhbGciOiJIUzI1NiJ9.eyJjb3JyZW8iOiJhZG1pbkBkaC5jb20iLCJyb2wiOiJBRE1JTiIsInN1YiI6ImFkbWluQGRoLmNvbSIsImlhdCI6MTY4NTQ5NzEwMCwiZXhwIjoxNjg1NTAwNzAwfQ.r5JcYvuMwOlncYqp5N4LEvM9G03VKfEd4RMEp9624uQ',1,1,13),(83,'eyJhbGciOiJIUzI1NiJ9.eyJjb3JyZW8iOiJhZG1pbkBkaC5jb20iLCJyb2wiOiJBRE1JTiIsInN1YiI6ImFkbWluQGRoLmNvbSIsImlhdCI6MTY4NTQ5NzEwMiwiZXhwIjoxNjg1NTAwNzAyfQ.A2DbqyB2HUKLvxFkg6AzFTcqRNTJXAZziQnMDtrLf8I',1,1,13),(84,'eyJhbGciOiJIUzI1NiJ9.eyJjb3JyZW8iOiJhZG1pbkBkaC5jb20iLCJyb2wiOiJBRE1JTiIsInN1YiI6ImFkbWluQGRoLmNvbSIsImlhdCI6MTY4NTQ5NzY1MywiZXhwIjoxNjg1NTAxMjUzfQ.1SiG1DBou_anX64Pj8bl53vBwbA3kDogRLWkaJDOJCY',1,1,13),(85,'eyJhbGciOiJIUzI1NiJ9.eyJjb3JyZW8iOiJhZG1pbkBkaC5jb20iLCJyb2wiOiJBRE1JTiIsInN1YiI6ImFkbWluQGRoLmNvbSIsImlhdCI6MTY4NTQ5Nzg0MywiZXhwIjoxNjg1NTAxNDQzfQ.heIeulyKXsxWUPIeAtJUj8KvCKBVL1CtQzPfNV2lhWs',1,1,13),(86,'eyJhbGciOiJIUzI1NiJ9.eyJjb3JyZW8iOiJhZG1pbkBkaC5jb20iLCJyb2wiOiJBRE1JTiIsInN1YiI6ImFkbWluQGRoLmNvbSIsImlhdCI6MTY4NTQ5ODEzNSwiZXhwIjoxNjg1NTAxNzM1fQ.hcVbzEw16phxXn_-A2qP0aLEIp8d1p34RpodAZBm1zc',1,1,13),(87,'eyJhbGciOiJIUzI1NiJ9.eyJjb3JyZW8iOiJhZG1pbkBkaC5jb20iLCJyb2wiOiJBRE1JTiIsInN1YiI6ImFkbWluQGRoLmNvbSIsImlhdCI6MTY4NTQ5ODE2MiwiZXhwIjoxNjg1NTAxNzYyfQ.szAgCm_gX-rHaoZ3j3kMn1YXTAU7eN2b00j8lFfLSxg',1,1,13),(88,'eyJhbGciOiJIUzI1NiJ9.eyJjb3JyZW8iOiJhZG1pbkBkaC5jb20iLCJyb2wiOiJBRE1JTiIsInN1YiI6ImFkbWluQGRoLmNvbSIsImlhdCI6MTY4NTQ5ODE2MywiZXhwIjoxNjg1NTAxNzYzfQ.PIV-rYmNiL49MhjgEuGBcuQ2MwEcitic4q3TSk_5AXs',1,1,13),(89,'eyJhbGciOiJIUzI1NiJ9.eyJjb3JyZW8iOiJhZG1pbkBkaC5jb20iLCJyb2wiOiJBRE1JTiIsInN1YiI6ImFkbWluQGRoLmNvbSIsImlhdCI6MTY4NTQ5ODE2MywiZXhwIjoxNjg1NTAxNzYzfQ.PIV-rYmNiL49MhjgEuGBcuQ2MwEcitic4q3TSk_5AXs',1,1,13),(90,'eyJhbGciOiJIUzI1NiJ9.eyJjb3JyZW8iOiJhZG1pbkBkaC5jb20iLCJyb2wiOiJBRE1JTiIsInN1YiI6ImFkbWluQGRoLmNvbSIsImlhdCI6MTY4NTQ5ODE2MywiZXhwIjoxNjg1NTAxNzYzfQ.PIV-rYmNiL49MhjgEuGBcuQ2MwEcitic4q3TSk_5AXs',1,1,13),(91,'eyJhbGciOiJIUzI1NiJ9.eyJjb3JyZW8iOiJhZG1pbkBkaC5jb20iLCJyb2wiOiJBRE1JTiIsInN1YiI6ImFkbWluQGRoLmNvbSIsImlhdCI6MTY4NTQ5ODE2MywiZXhwIjoxNjg1NTAxNzYzfQ.PIV-rYmNiL49MhjgEuGBcuQ2MwEcitic4q3TSk_5AXs',1,1,13),(92,'eyJhbGciOiJIUzI1NiJ9.eyJjb3JyZW8iOiJhZG1pbkBkaC5jb20iLCJyb2wiOiJBRE1JTiIsInN1YiI6ImFkbWluQGRoLmNvbSIsImlhdCI6MTY4NTQ5ODE2MywiZXhwIjoxNjg1NTAxNzYzfQ.PIV-rYmNiL49MhjgEuGBcuQ2MwEcitic4q3TSk_5AXs',1,1,13),(93,'eyJhbGciOiJIUzI1NiJ9.eyJjb3JyZW8iOiJhZG1pbkBkaC5jb20iLCJyb2wiOiJBRE1JTiIsInN1YiI6ImFkbWluQGRoLmNvbSIsImlhdCI6MTY4NTQ5ODE2NiwiZXhwIjoxNjg1NTAxNzY2fQ.vYzVWQG34hDuxwo6C-YtlEbLOuglImeSLeCCIVE4Qns',1,1,13),(94,'eyJhbGciOiJIUzI1NiJ9.eyJjb3JyZW8iOiJhZG1pbkBkaC5jb20iLCJyb2wiOiJBRE1JTiIsInN1YiI6ImFkbWluQGRoLmNvbSIsImlhdCI6MTY4NTQ5ODE2NiwiZXhwIjoxNjg1NTAxNzY2fQ.vYzVWQG34hDuxwo6C-YtlEbLOuglImeSLeCCIVE4Qns',1,1,13),(95,'eyJhbGciOiJIUzI1NiJ9.eyJjb3JyZW8iOiJhZG1pbkBkaC5jb20iLCJyb2wiOiJBRE1JTiIsInN1YiI6ImFkbWluQGRoLmNvbSIsImlhdCI6MTY4NTQ5ODE2NiwiZXhwIjoxNjg1NTAxNzY2fQ.vYzVWQG34hDuxwo6C-YtlEbLOuglImeSLeCCIVE4Qns',1,1,13),(96,'eyJhbGciOiJIUzI1NiJ9.eyJjb3JyZW8iOiJhZG1pbkBkaC5jb20iLCJyb2wiOiJBRE1JTiIsInN1YiI6ImFkbWluQGRoLmNvbSIsImlhdCI6MTY4NTQ5ODE2NywiZXhwIjoxNjg1NTAxNzY3fQ.xX-UT2xcvEOwYZOu3pwoTsh69h_uIgojOBAY6PV6ge4',1,1,13),(97,'eyJhbGciOiJIUzI1NiJ9.eyJjb3JyZW8iOiJhZG1pbkBkaC5jb20iLCJyb2wiOiJBRE1JTiIsInN1YiI6ImFkbWluQGRoLmNvbSIsImlhdCI6MTY4NTQ5ODE5MywiZXhwIjoxNjg1NTAxNzkzfQ.QfEIPerrtMFjFC6XmrfiRxJ35b0TBRJ13guOPwupyho',1,1,13),(98,'eyJhbGciOiJIUzI1NiJ9.eyJjb3JyZW8iOiJhZG1pbkBkaC5jb20iLCJyb2wiOiJBRE1JTiIsInN1YiI6ImFkbWluQGRoLmNvbSIsImlhdCI6MTY4NTQ5ODY4NiwiZXhwIjoxNjg1NTAyMjg2fQ.-tEAstCiQqc-JXCBwleRwJPSIGe4xoJFCPXSpG2Q6sA',1,1,13),(99,'eyJhbGciOiJIUzI1NiJ9.eyJjb3JyZW8iOiJhZG1pbkBkaC5jb20iLCJyb2wiOiJBRE1JTiIsInN1YiI6ImFkbWluQGRoLmNvbSIsImlhdCI6MTY4NTUwMTYyOSwiZXhwIjoxNjg1NTA1MjI5fQ.h8kXm_bEtBBi8JbNkE0in2pBIWeNXD5PuoS1r1dYJ3E',1,1,13),(100,'eyJhbGciOiJIUzI1NiJ9.eyJjb3JyZW8iOiJhZG1pbkBkaC5jb20iLCJyb2wiOiJBRE1JTiIsInN1YiI6ImFkbWluQGRoLmNvbSIsImlhdCI6MTY4NTUwNzI1MSwiZXhwIjoxNjg1NTEwODUxfQ.LdL0hpu-mvmimAhMaWnjQLlRxtf_LCqHSJ9sp-iPqF4',1,1,13),(101,'eyJhbGciOiJIUzI1NiJ9.eyJjb3JyZW8iOiJhZG1pbkBkaC5jb20iLCJyb2wiOiJBRE1JTiIsInN1YiI6ImFkbWluQGRoLmNvbSIsImlhdCI6MTY4NTUwOTExNCwiZXhwIjoxNjg1NTEyNzE0fQ.Dbq3e6fa6nkrpyRhELSNYG6ntnLSimm7bGsLO_hvXmQ',1,1,13),(102,'eyJhbGciOiJIUzI1NiJ9.eyJjb3JyZW8iOiJhZG1pbkBkaC5jb20iLCJyb2wiOiJBRE1JTiIsInN1YiI6ImFkbWluQGRoLmNvbSIsImlhdCI6MTY4NTUxMjM2NSwiZXhwIjoxNjg1NTE1OTY1fQ.N0YRKlekzJ0Z5VATIwVfaKtIJ45QqganOefRNa_pDoQ',1,1,13),(103,'eyJhbGciOiJIUzI1NiJ9.eyJjb3JyZW8iOiJhZG1pbkBkaC5jb20iLCJyb2wiOiJBRE1JTiIsInN1YiI6ImFkbWluQGRoLmNvbSIsImlhdCI6MTY4NTUxMzIzNCwiZXhwIjoxNjg1NTE2ODM0fQ.GEDnv9PekjRzXzGCPTN3YRGJMxEh8FaZp7ja9MmXEkM',1,1,13),(104,'eyJhbGciOiJIUzI1NiJ9.eyJjb3JyZW8iOiJhZG1pbkBkaC5jb20iLCJyb2wiOiJBRE1JTiIsInN1YiI6ImFkbWluQGRoLmNvbSIsImlhdCI6MTY4NTUxNjE5OSwiZXhwIjoxNjg1NTE5Nzk5fQ.cI0lZd2-9dClEYK6HiUacSGR88LJsJJ7EaZiRsdlxvE',1,1,13),(105,'eyJhbGciOiJIUzI1NiJ9.eyJjb3JyZW8iOiJhZG1pbkBkaC5jb20iLCJyb2wiOiJBRE1JTiIsInN1YiI6ImFkbWluQGRoLmNvbSIsImlhdCI6MTY4NTU3MjcwMywiZXhwIjoxNjg1NTc2MzAzfQ.sAf8jl7RSsh0NnEFSHVTSHXm-eO7HDuJXfpCiXTN-4w',1,1,13),(106,'eyJhbGciOiJIUzI1NiJ9.eyJjb3JyZW8iOiJzYW5kcmF0b2Nob3lAZ21haWwuY29tIiwicm9sIjoiQ0xJRU5URSIsInN1YiI6InNhbmRyYXRvY2hveUBnbWFpbC5jb20iLCJpYXQiOjE2ODU1NzU2MzgsImV4cCI6MTY4NTU3OTIzOH0.xpWXOCjUZ2w37SdU2-1dZvBGtjifHFSSOFnZfPQbZ-c',0,0,38),(107,'eyJhbGciOiJIUzI1NiJ9.eyJjb3JyZW8iOiJhZG1pbkBkaC5jb20iLCJyb2wiOiJBRE1JTiIsInN1YiI6ImFkbWluQGRoLmNvbSIsImlhdCI6MTY4NTU3NjQ4MSwiZXhwIjoxNjg1NTgwMDgxfQ.JXCDh6A6gk5AECMQbZikfkWbtMk66OFOVNEN0acpS3w',1,1,13),(108,'eyJhbGciOiJIUzI1NiJ9.eyJjb3JyZW8iOiJhZG1pbkBkaC5jb20iLCJyb2wiOiJBRE1JTiIsInN1YiI6ImFkbWluQGRoLmNvbSIsImlhdCI6MTY4NTU3NjQ4MiwiZXhwIjoxNjg1NTgwMDgyfQ.Nfsqqqya-ZZ1ygziWC21KrUsou6sMZ3JPI7a3xqryq8',1,1,13),(109,'eyJhbGciOiJIUzI1NiJ9.eyJjb3JyZW8iOiJzYW5kcmFhYWFAbWFpbC5jb20iLCJyb2wiOiJDTElFTlRFIiwic3ViIjoic2FuZHJhYWFhQG1haWwuY29tIiwiaWF0IjoxNjg1NTc2NTM4LCJleHAiOjE2ODU1ODAxMzh9.35qCF0xmRryyZMSTGpjWwfcHVeEf4cppcXXCGeCOStU',0,0,39),(110,'eyJhbGciOiJIUzI1NiJ9.eyJjb3JyZW8iOiJrYXJsYUBkaC5jb20iLCJyb2wiOiJDTElFTlRFIiwic3ViIjoia2FybGFAZGguY29tIiwiaWF0IjoxNjg1NTc2Njg0LCJleHAiOjE2ODU1ODAyODR9.qJG-kgCEtrfjegL42HVIuiPfKAAU0qy6twe58v-Qt-w',0,0,40),(111,'eyJhbGciOiJIUzI1NiJ9.eyJjb3JyZW8iOiJwZXBpdGFAIiwicm9sIjoiQ0xJRU5URSIsInN1YiI6InBlcGl0YUAiLCJpYXQiOjE2ODU1NzY4NTYsImV4cCI6MTY4NTU4MDQ1Nn0.p0uCIM3eqj9yWhCZdairOy4P-Jo_6VIJa4qRf82XzEg',0,0,41),(112,'eyJhbGciOiJIUzI1NiJ9.eyJjb3JyZW8iOiJ3ZWJtYXN0ZXJAZ21haWwuY29tIiwicm9sIjoiQ0xJRU5URSIsInN1YiI6IndlYm1hc3RlckBnbWFpbC5jb20iLCJpYXQiOjE2ODU1NzgwNDMsImV4cCI6MTY4NTU4MTY0M30.DXkdM3YdflWBe4M9eD_NGkDlMfPH4iIIeIOqmJph13Y',0,0,42),(113,'eyJhbGciOiJIUzI1NiJ9.eyJjb3JyZW8iOiJwZXBpdHVzQG1haWwuY29tIiwicm9sIjoiQ0xJRU5URSIsInN1YiI6InBlcGl0dXNAbWFpbC5jb20iLCJpYXQiOjE2ODU1NzkxNzUsImV4cCI6MTY4NTU4Mjc3NX0.JaoRMSycjFZk4MwRHe137UEIw8lKp3IFh0mDpPkiuMI',0,0,44),(114,'eyJhbGciOiJIUzI1NiJ9.eyJjb3JyZW8iOiJhZG1pbkBkaC5jb20iLCJyb2wiOiJBRE1JTiIsInN1YiI6ImFkbWluQGRoLmNvbSIsImlhdCI6MTY4NTU3OTIwMSwiZXhwIjoxNjg1NTgyODAxfQ.xBW5r5Tt_GoeeSYwXNl9Qrgbb6HhZaZ6pG3J83S67uA',1,1,13),(115,'eyJhbGciOiJIUzI1NiJ9.eyJjb3JyZW8iOiJhZG1pbkBkaC5jb20iLCJyb2wiOiJBRE1JTiIsInN1YiI6ImFkbWluQGRoLmNvbSIsImlhdCI6MTY4NTU3OTI4MSwiZXhwIjoxNjg1NTgyODgxfQ.T0XiM9yWFUawlp0SV27mQ9NUOmkEEg93X5y3M73NBmA',1,1,13),(116,'eyJhbGciOiJIUzI1NiJ9.eyJjb3JyZW8iOiJwcnVlYmFAbWFpbC5jb20iLCJyb2wiOiJDTElFTlRFIiwic3ViIjoicHJ1ZWJhQG1haWwuY29tIiwiaWF0IjoxNjg1NTc5NDEwLCJleHAiOjE2ODU1ODMwMTB9.K6esB798-szIsvAFf-qdIEkR9lvsE8q9kRmvJoga9Dk',0,0,45),(117,'eyJhbGciOiJIUzI1NiJ9.eyJjb3JyZW8iOiJwcnVlYmFtaWxAbWFpbC5jb20iLCJyb2wiOiJDTElFTlRFIiwic3ViIjoicHJ1ZWJhbWlsQG1haWwuY29tIiwiaWF0IjoxNjg1NTgyOTYzLCJleHAiOjE2ODU1ODY1NjN9.epxZkJgfJvhcBfsaWKdcFK5HQE9Rj7t023AapEtyUlc',0,0,47),(118,'eyJhbGciOiJIUzI1NiJ9.eyJjb3JyZW8iOiJtaWFAbWFpbC5jb20iLCJyb2wiOiJDTElFTlRFIiwic3ViIjoibWlhQG1haWwuY29tIiwiaWF0IjoxNjg1NTgzMjQwLCJleHAiOjE2ODU1ODY4NDB9.p72KHUtJ5ZzPtQHU8-dTetN9iFBR29zS_DWPHoY66oY',0,0,48),(119,'eyJhbGciOiJIUzI1NiJ9.eyJjb3JyZW8iOiJwcnVlYmFhYUAiLCJyb2wiOiJDTElFTlRFIiwic3ViIjoicHJ1ZWJhYWFAIiwiaWF0IjoxNjg1NTgzMjU5LCJleHAiOjE2ODU1ODY4NTl9.0e0aBfn1_swIoybWgJ7LENJmHMOqFR5qpfLnN_6gk2k',0,0,49),(120,'eyJhbGciOiJIUzI1NiJ9.eyJjb3JyZW8iOiJhbmRyZXNAbWFpbGwuY29tIiwicm9sIjoiQ0xJRU5URSIsInN1YiI6ImFuZHJlc0BtYWlsbC5jb20iLCJpYXQiOjE2ODU1ODM1MzIsImV4cCI6MTY4NTU4NzEzMn0.BzXTeKuB07XD7nqtPK5JFBvZ0rFpuEV9Myv9b_W_05Q',0,0,50),(121,'eyJhbGciOiJIUzI1NiJ9.eyJjb3JyZW8iOiJob2xhYUBtYWlsLmNvbSIsInJvbCI6IkNMSUVOVEUiLCJzdWIiOiJob2xhYUBtYWlsLmNvbSIsImlhdCI6MTY4NTU4NDM4NywiZXhwIjoxNjg1NTg3OTg3fQ.bLsRMz0JU3AXR4Mr2Sq6iHsGmscaDT515zaVGh1_6UY',0,0,51),(122,'eyJhbGciOiJIUzI1NiJ9.eyJjb3JyZW8iOiJmcmFuY2lzY2FAbWFpbC5jb20iLCJyb2wiOiJDTElFTlRFIiwic3ViIjoiZnJhbmNpc2NhQG1haWwuY29tIiwiaWF0IjoxNjg1NTg0NDE4LCJleHAiOjE2ODU1ODgwMTh9.hvf5Kwa3oNmFQNxdMtybkGwOl0uV1HBh_aL1qYf0WcU',0,0,52),(123,'eyJhbGciOiJIUzI1NiJ9.eyJjb3JyZW8iOiJhZG1pbkBkaC5jb20iLCJyb2wiOiJBRE1JTiIsInN1YiI6ImFkbWluQGRoLmNvbSIsImlhdCI6MTY4NTU4NjI1MywiZXhwIjoxNjg1NTg5ODUzfQ.52B2VHtHa3mxUY1UryKYfdd4JNvzIvSdJCvRCZuJrb0',1,1,13),(124,'eyJhbGciOiJIUzI1NiJ9.eyJjb3JyZW8iOiJhZG1pbkBkaC5jb20iLCJyb2wiOiJBRE1JTiIsInN1YiI6ImFkbWluQGRoLmNvbSIsImlhdCI6MTY4NTU4NzY3NywiZXhwIjoxNjg1NTkxMjc3fQ.HwyUNSBNaUeSG4V6ZUIaBvn9FWThGv1nzqRwOCap3Z8',1,1,13),(125,'eyJhbGciOiJIUzI1NiJ9.eyJjb3JyZW8iOiJhZG1pbkBkaC5jb20iLCJyb2wiOiJBRE1JTiIsInN1YiI6ImFkbWluQGRoLmNvbSIsImlhdCI6MTY4NTU4ODAxMiwiZXhwIjoxNjg1NTkxNjEyfQ.WtFXigup5286kUI51YwmNy3OqYZT5K-oTG11oeSVQa0',1,1,13),(126,'eyJhbGciOiJIUzI1NiJ9.eyJjb3JyZW8iOiJhZG1pbkBkaC5jb20iLCJyb2wiOiJBRE1JTiIsInN1YiI6ImFkbWluQGRoLmNvbSIsImlhdCI6MTY4NTU4ODA5OSwiZXhwIjoxNjg1NTkxNjk5fQ.DTj6Zu4FNkOxlD-qmwjhuV_PjD_DVFLOF7Hpu2pjuNM',1,1,13),(127,'eyJhbGciOiJIUzI1NiJ9.eyJjb3JyZW8iOiJhZG1pbkBkaC5jb20iLCJyb2wiOiJBRE1JTiIsInN1YiI6ImFkbWluQGRoLmNvbSIsImlhdCI6MTY4NTU4ODE2OSwiZXhwIjoxNjg1NTkxNzY5fQ.MZXS2At36h5Ie8FNqIL9Qat6k4-mkWxdi-Cuj7q8kwE',1,1,13),(128,'eyJhbGciOiJIUzI1NiJ9.eyJjb3JyZW8iOiJhZG1pbkBkaC5jb20iLCJyb2wiOiJBRE1JTiIsInN1YiI6ImFkbWluQGRoLmNvbSIsImlhdCI6MTY4NTU4ODIxOCwiZXhwIjoxNjg1NTkxODE4fQ.6xNAP_cGHZElu5oxQJabWk5XDXRRZ2jOiLRGp4bgAIw',1,1,13),(129,'eyJhbGciOiJIUzI1NiJ9.eyJjb3JyZW8iOiJhZG1pbkBkaC5jb20iLCJyb2wiOiJBRE1JTiIsInN1YiI6ImFkbWluQGRoLmNvbSIsImlhdCI6MTY4NTU4ODI1NCwiZXhwIjoxNjg1NTkxODU0fQ.xcl8jnkVd7uwpWxOZTdLue4okreEMO3Kr6VuL-xEV2I',1,1,13),(130,'eyJhbGciOiJIUzI1NiJ9.eyJjb3JyZW8iOiJhZG1pbkBkaC5jb20iLCJyb2wiOiJBRE1JTiIsInN1YiI6ImFkbWluQGRoLmNvbSIsImlhdCI6MTY4NTU4ODQyOCwiZXhwIjoxNjg1NTkyMDI4fQ.VHuY_D8fDXutt0So9zzA_iPkFpOGXLAvAMEL3YSABZQ',1,1,13),(131,'eyJhbGciOiJIUzI1NiJ9.eyJjb3JyZW8iOiJhZG1pbkBkaC5jb20iLCJyb2wiOiJBRE1JTiIsInN1YiI6ImFkbWluQGRoLmNvbSIsImlhdCI6MTY4NTU4ODk3MCwiZXhwIjoxNjg1NTkyNTcwfQ.QPgBenfSUVKIp3wCRDwdITEP9fER1TmnfDLwiZoxfmQ',1,1,13),(132,'eyJhbGciOiJIUzI1NiJ9.eyJjb3JyZW8iOiJhZG1pbkBkaC5jb20iLCJyb2wiOiJBRE1JTiIsInN1YiI6ImFkbWluQGRoLmNvbSIsImlhdCI6MTY4NTU4ODk3MiwiZXhwIjoxNjg1NTkyNTcyfQ.Hv5kDD231BhlCCR8huPb7MHoaPA37AGiswN1a1MhsKc',1,1,13),(133,'eyJhbGciOiJIUzI1NiJ9.eyJjb3JyZW8iOiJhZG1pbkBkaC5jb20iLCJyb2wiOiJBRE1JTiIsInN1YiI6ImFkbWluQGRoLmNvbSIsImlhdCI6MTY4NTU5MDc0NSwiZXhwIjoxNjg1NTk0MzQ1fQ.c5BXVr0D-aMIeLqrIAykPqwOPNs1aK60fggpPsQIEXk',1,1,13),(134,'eyJhbGciOiJIUzI1NiJ9.eyJjb3JyZW8iOiJhZG1pbkBkaC5jb20iLCJyb2wiOiJBRE1JTiIsInN1YiI6ImFkbWluQGRoLmNvbSIsImlhdCI6MTY4NTU5MDg0MywiZXhwIjoxNjg1NTk0NDQzfQ.XWkPJAXX4RCjEBO2trrNRK7YYegDJ94z-7thr0yvudg',1,1,13),(135,'eyJhbGciOiJIUzI1NiJ9.eyJjb3JyZW8iOiJhZG1pbkBkaC5jb20iLCJyb2wiOiJBRE1JTiIsInN1YiI6ImFkbWluQGRoLmNvbSIsImlhdCI6MTY4NTU5MDg0NSwiZXhwIjoxNjg1NTk0NDQ1fQ.Jy8uhkcdnPVjJt7rWJBq_9QHB8q5IhfATwy_s3r3WdM',1,1,13),(136,'eyJhbGciOiJIUzI1NiJ9.eyJjb3JyZW8iOiJhZG1pbkBkaC5jb20iLCJyb2wiOiJBRE1JTiIsInN1YiI6ImFkbWluQGRoLmNvbSIsImlhdCI6MTY4NTU5MDg2NCwiZXhwIjoxNjg1NTk0NDY0fQ.n0iW22_j4cGghvx2rVO1IGsfHFWYHWwOXUgxnCK4u6E',1,1,13),(137,'eyJhbGciOiJIUzI1NiJ9.eyJjb3JyZW8iOiJhZG1pbkBkaC5jb20iLCJyb2wiOiJBRE1JTiIsInN1YiI6ImFkbWluQGRoLmNvbSIsImlhdCI6MTY4NTU5MDg2NywiZXhwIjoxNjg1NTk0NDY3fQ.vLXyQhnamzHWXckNRZWe8qjr7HtSWODz_3BhHsvJXsw',1,1,13),(138,'eyJhbGciOiJIUzI1NiJ9.eyJjb3JyZW8iOiJhZG1pbkBkaC5jb20iLCJyb2wiOiJBRE1JTiIsInN1YiI6ImFkbWluQGRoLmNvbSIsImlhdCI6MTY4NTU5MTIyNSwiZXhwIjoxNjg1NTk0ODI1fQ.Y38hZSRilmSJzrHqVPbGJlUo9_IVVd7lPurgETAib3U',1,1,13),(139,'eyJhbGciOiJIUzI1NiJ9.eyJjb3JyZW8iOiJhZG1pbkBkaC5jb20iLCJyb2wiOiJBRE1JTiIsInN1YiI6ImFkbWluQGRoLmNvbSIsImlhdCI6MTY4NTU5MTMyNiwiZXhwIjoxNjg1NTk0OTI2fQ.V6pac7euKeLBQ9Ru03zIPSx5DfuWTgfix2nVo5zKRIs',1,1,13),(140,'eyJhbGciOiJIUzI1NiJ9.eyJjb3JyZW8iOiJhZG1pbkBkaC5jb20iLCJyb2wiOiJBRE1JTiIsInN1YiI6ImFkbWluQGRoLmNvbSIsImlhdCI6MTY4NTU5MTQyNywiZXhwIjoxNjg1NTk1MDI3fQ.ahXnt9mYaPVRxK62XKcG2iuZ9i_Y8t00aM4aCzyYH4E',1,1,13),(141,'eyJhbGciOiJIUzI1NiJ9.eyJjb3JyZW8iOiJhZG1pbkBkaC5jb20iLCJyb2wiOiJBRE1JTiIsInN1YiI6ImFkbWluQGRoLmNvbSIsImlhdCI6MTY4NTU5MTQ0OSwiZXhwIjoxNjg1NTk1MDQ5fQ.00Hjx1hAzrZpI2xdHzBrMDVmZciD9IQTECAdZyOKvqU',1,1,13),(142,'eyJhbGciOiJIUzI1NiJ9.eyJjb3JyZW8iOiJhZG1pbkBkaC5jb20iLCJyb2wiOiJBRE1JTiIsInN1YiI6ImFkbWluQGRoLmNvbSIsImlhdCI6MTY4NTU5MTk2NywiZXhwIjoxNjg1NTk1NTY3fQ.4LAaPFpWIA1uP7kZvi2LawbyYKYtVMUhpaW_wJTHyWo',1,1,13),(143,'eyJhbGciOiJIUzI1NiJ9.eyJjb3JyZW8iOiJhZG1pbkBkaC5jb20iLCJyb2wiOiJBRE1JTiIsInN1YiI6ImFkbWluQGRoLmNvbSIsImlhdCI6MTY4NTU5MjE0OSwiZXhwIjoxNjg1NTk1NzQ5fQ.wZJEN90XAxoTjd4qD7L4ZL6fD7Lc1bm8YY6jVkBkwgM',1,1,13),(144,'eyJhbGciOiJIUzI1NiJ9.eyJjb3JyZW8iOiJhZG1pbkBkaC5jb20iLCJyb2wiOiJBRE1JTiIsInN1YiI6ImFkbWluQGRoLmNvbSIsImlhdCI6MTY4NTU5MjU5MywiZXhwIjoxNjg1NTk2MTkzfQ.cajhqA28WhhfH86o8KCGasrGXaDp3XSzZPakK5Fq5NY',1,1,13),(145,'eyJhbGciOiJIUzI1NiJ9.eyJjb3JyZW8iOiJlbGljaXRhcHBAbWFpbC5jb20iLCJyb2wiOiJDTElFTlRFIiwic3ViIjoiZWxpY2l0YXBwQG1haWwuY29tIiwiaWF0IjoxNjg1NTkyOTI0LCJleHAiOjE2ODU1OTY1MjR9.pp8CvKlpZ0iDYGLmED3A-yzUqteeFznAtKypSFMW_Lc',0,0,53),(146,'eyJhbGciOiJIUzI1NiJ9.eyJjb3JyZW8iOiJhZG1pbkBkaC5jb20iLCJyb2wiOiJBRE1JTiIsInN1YiI6ImFkbWluQGRoLmNvbSIsImlhdCI6MTY4NTU5MzUzNywiZXhwIjoxNjg1NTk3MTM3fQ.LqU3RYF9KoQoynXRnO-vYsS4sKfrsE0ugEcbl0LwPPs',1,1,13),(147,'eyJhbGciOiJIUzI1NiJ9.eyJjb3JyZW8iOiJhZG1pbkBkaC5jb20iLCJyb2wiOiJBRE1JTiIsInN1YiI6ImFkbWluQGRoLmNvbSIsImlhdCI6MTY4NTU5MzY5NSwiZXhwIjoxNjg1NTk3Mjk1fQ.k3N398P-joC3T7yzlTxVafXqs04Kl0fXBErtuX9GmOU',1,1,13),(148,'eyJhbGciOiJIUzI1NiJ9.eyJjb3JyZW8iOiJhZG1pbkBkaC5jb20iLCJyb2wiOiJBRE1JTiIsInN1YiI6ImFkbWluQGRoLmNvbSIsImlhdCI6MTY4NTYzNjU0MywiZXhwIjoxNjg1NjQwMTQzfQ.29udKlknx6SlPpdVMcYLMcsfvafrWVse3gncz4Gqg6Y',1,1,13),(149,'eyJhbGciOiJIUzI1NiJ9.eyJjb3JyZW8iOiJhZG1pbkBkaC5jb20iLCJyb2wiOiJBRE1JTiIsInN1YiI6ImFkbWluQGRoLmNvbSIsImlhdCI6MTY4NTYzNjYxOCwiZXhwIjoxNjg1NjQwMjE4fQ.SzC5lvRokh-zSTUuZqXNlxuj1vQO3uwj1Xnoika7mIs',1,1,13),(150,'eyJhbGciOiJIUzI1NiJ9.eyJjb3JyZW8iOiJhZG1pbkBkaC5jb20iLCJyb2wiOiJBRE1JTiIsInN1YiI6ImFkbWluQGRoLmNvbSIsImlhdCI6MTY4NTYzNjczOSwiZXhwIjoxNjg1NjQwMzM5fQ.yIPO23-8a9WCbwzlJOuqb_j04c1Hux6Xyn-l3hyntCo',1,1,13),(151,'eyJhbGciOiJIUzI1NiJ9.eyJjb3JyZW8iOiJhZG1pbkBkaC5jb20iLCJyb2wiOiJBRE1JTiIsInN1YiI6ImFkbWluQGRoLmNvbSIsImlhdCI6MTY4NTYzNjkzMSwiZXhwIjoxNjg1NjQwNTMxfQ.1JKqK1b60ShxwdQ3GBtXaZnKO3VAGmXDfLXxJxTntPA',1,1,13),(152,'eyJhbGciOiJIUzI1NiJ9.eyJjb3JyZW8iOiJhZG1pbkBkaC5jb20iLCJyb2wiOiJBRE1JTiIsInN1YiI6ImFkbWluQGRoLmNvbSIsImlhdCI6MTY4NTYzNzA4MiwiZXhwIjoxNjg1NjQwNjgyfQ.jWdSrGXLD2_8jO5ImT5nlfdHBsfdXk1c1egygX78lZQ',1,1,13),(153,'eyJhbGciOiJIUzI1NiJ9.eyJjb3JyZW8iOiJhZG1pbkBkaC5jb20iLCJyb2wiOiJBRE1JTiIsInN1YiI6ImFkbWluQGRoLmNvbSIsImlhdCI6MTY4NTYzNzA4NCwiZXhwIjoxNjg1NjQwNjg0fQ.96eoMInmOXBgI-FB9rONeKp3P_KFj1rW_FvasU8e11Y',1,1,13),(154,'eyJhbGciOiJIUzI1NiJ9.eyJjb3JyZW8iOiJhZG1pbkBkaC5jb20iLCJyb2wiOiJBRE1JTiIsInN1YiI6ImFkbWluQGRoLmNvbSIsImlhdCI6MTY4NTYzNzIwOCwiZXhwIjoxNjg1NjQwODA4fQ.H0gee_zdiQ6B3JUkynH2NNgzJ5uD15ejdtd6LNtKPqg',1,1,13),(155,'eyJhbGciOiJIUzI1NiJ9.eyJjb3JyZW8iOiJhZG1pbkBkaC5jb20iLCJyb2wiOiJBRE1JTiIsInN1YiI6ImFkbWluQGRoLmNvbSIsImlhdCI6MTY4NTYzNzIwOSwiZXhwIjoxNjg1NjQwODA5fQ.LamLD4iOxZIWmS1F_54B13Ievkq58P2gypDOKyjZMpA',1,1,13),(156,'eyJhbGciOiJIUzI1NiJ9.eyJjb3JyZW8iOiJhZG1pbkBkaC5jb20iLCJyb2wiOiJBRE1JTiIsInN1YiI6ImFkbWluQGRoLmNvbSIsImlhdCI6MTY4NTYzNzMxNywiZXhwIjoxNjg1NjQwOTE3fQ.DI7Y8LPy-1US9U_tYKMNKI6k8yX_crf97W1j2yi46Kw',1,1,13),(157,'eyJhbGciOiJIUzI1NiJ9.eyJjb3JyZW8iOiJhZG1pbkBkaC5jb20iLCJyb2wiOiJBRE1JTiIsInN1YiI6ImFkbWluQGRoLmNvbSIsImlhdCI6MTY4NTYzNzczMiwiZXhwIjoxNjg1NjQxMzMyfQ.lQCU0EtEOX3i6ZPv-HzEruPrX8ZCD7_-HruewGVhjcU',1,1,13),(158,'eyJhbGciOiJIUzI1NiJ9.eyJjb3JyZW8iOiJhZG1pbkBkaC5jb20iLCJyb2wiOiJBRE1JTiIsInN1YiI6ImFkbWluQGRoLmNvbSIsImlhdCI6MTY4NTYzNzgwNCwiZXhwIjoxNjg1NjQxNDA0fQ.Vw_KkIxYmzs_VAb59LxydOX__13F3NvPVWEw5OsBQY0',1,1,13),(159,'eyJhbGciOiJIUzI1NiJ9.eyJjb3JyZW8iOiJhZG1pbkBkaC5jb20iLCJyb2wiOiJBRE1JTiIsInN1YiI6ImFkbWluQGRoLmNvbSIsImlhdCI6MTY4NTYzNzgwNywiZXhwIjoxNjg1NjQxNDA3fQ.qX3qgO6b0MoS4HlMZHa_P2Jr_VoO_B13c0GmeFGKIZs',1,1,13),(160,'eyJhbGciOiJIUzI1NiJ9.eyJjb3JyZW8iOiJhZG1pbkBkaC5jb20iLCJyb2wiOiJBRE1JTiIsInN1YiI6ImFkbWluQGRoLmNvbSIsImlhdCI6MTY4NTYzODIxNiwiZXhwIjoxNjg1NjQxODE2fQ.-3YFaJqIg77gLBRzjRxfvH3LlN6bfddYKjZXrdAsAyM',1,1,13),(161,'eyJhbGciOiJIUzI1NiJ9.eyJjb3JyZW8iOiJhZG1pbkBkaC5jb20iLCJyb2wiOiJBRE1JTiIsInN1YiI6ImFkbWluQGRoLmNvbSIsImlhdCI6MTY4NTYzOTE0MywiZXhwIjoxNjg1NjQyNzQzfQ.tDPJTLmUyDFPJNURcKCCAhbLWa2HcMrrbtCPEzzmm3w',1,1,13),(162,'eyJhbGciOiJIUzI1NiJ9.eyJjb3JyZW8iOiJhZG1pbkBkaC5jb20iLCJyb2wiOiJBRE1JTiIsInN1YiI6ImFkbWluQGRoLmNvbSIsImlhdCI6MTY4NTYzOTE0NSwiZXhwIjoxNjg1NjQyNzQ1fQ.ZbNa4HphuQ1eONzgHtWiDUpOLuYXo7REB_p9j0GUFZU',1,1,13),(163,'eyJhbGciOiJIUzI1NiJ9.eyJjb3JyZW8iOiJhZG1pbkBkaC5jb20iLCJyb2wiOiJBRE1JTiIsInN1YiI6ImFkbWluQGRoLmNvbSIsImlhdCI6MTY4NTYzOTgwOCwiZXhwIjoxNjg1NjQzNDA4fQ.sk6WFr1XYbmcCV2lwRT3I77h_ZEq5DNtQTaH4PFGdEw',1,1,13),(164,'eyJhbGciOiJIUzI1NiJ9.eyJjb3JyZW8iOiJhZG1pbkBkaC5jb20iLCJyb2wiOiJBRE1JTiIsInN1YiI6ImFkbWluQGRoLmNvbSIsImlhdCI6MTY4NTY0Mzg5OCwiZXhwIjoxNjg1NjQ3NDk4fQ.29IXAwfITeM8g_33I7c-fFBjj7ZP45c3nQ9jlcQ8eQY',1,1,13),(165,'eyJhbGciOiJIUzI1NiJ9.eyJjb3JyZW8iOiJhZG1pbkBkaC5jb20iLCJyb2wiOiJBRE1JTiIsInN1YiI6ImFkbWluQGRoLmNvbSIsImlhdCI6MTY4NTY0MzkwMiwiZXhwIjoxNjg1NjQ3NTAyfQ.l5A6MfQ-ii_9N12b7HJOX-dHLZwZbjXJKmqbSOyzRv8',1,1,13),(166,'eyJhbGciOiJIUzI1NiJ9.eyJjb3JyZW8iOiJhZG1pbkBkaC5jb20iLCJyb2wiOiJBRE1JTiIsInN1YiI6ImFkbWluQGRoLmNvbSIsImlhdCI6MTY4NTY0NDA4MSwiZXhwIjoxNjg1NjQ3NjgxfQ.DBrL0zJSwz-wYnQdBG6A9o5DD6xaCMFBywHXn__maZQ',1,1,13),(167,'eyJhbGciOiJIUzI1NiJ9.eyJjb3JyZW8iOiJhZG1pbkBkaC5jb20iLCJyb2wiOiJBRE1JTiIsInN1YiI6ImFkbWluQGRoLmNvbSIsImlhdCI6MTY4NTY0NDA4NSwiZXhwIjoxNjg1NjQ3Njg1fQ.KJ-BDaw1XEyjO6onlT73M2ookIeD_YryXnDpTTjZI04',1,1,13),(168,'eyJhbGciOiJIUzI1NiJ9.eyJjb3JyZW8iOiJhZG1pbkBkaC5jb20iLCJyb2wiOiJBRE1JTiIsInN1YiI6ImFkbWluQGRoLmNvbSIsImlhdCI6MTY4NTY0NDA4NiwiZXhwIjoxNjg1NjQ3Njg2fQ.GHXC7xFB5LvkA1nZaQIyM4rLpIX47doG1uZ-_9pGin4',1,1,13),(169,'eyJhbGciOiJIUzI1NiJ9.eyJjb3JyZW8iOiJhZG1pbkBkaC5jb20iLCJyb2wiOiJBRE1JTiIsInN1YiI6ImFkbWluQGRoLmNvbSIsImlhdCI6MTY4NTY0NDA5MSwiZXhwIjoxNjg1NjQ3NjkxfQ.IJCKd8lpqqUGgLkAdp4opx6SV5b51jwBop4c9ft0RWE',1,1,13),(170,'eyJhbGciOiJIUzI1NiJ9.eyJjb3JyZW8iOiJhZG1pbkBkaC5jb20iLCJyb2wiOiJBRE1JTiIsInN1YiI6ImFkbWluQGRoLmNvbSIsImlhdCI6MTY4NTY0NDM2MCwiZXhwIjoxNjg1NjQ3OTYwfQ.T5p7-iPLwkR_SKFDxXfpsk4DIPFOsFElGcSEDMVN9ts',1,1,13),(171,'eyJhbGciOiJIUzI1NiJ9.eyJjb3JyZW8iOiJhZG1pbkBkaC5jb20iLCJyb2wiOiJBRE1JTiIsInN1YiI6ImFkbWluQGRoLmNvbSIsImlhdCI6MTY4NTY0NDM2MywiZXhwIjoxNjg1NjQ3OTYzfQ.1DUO1b8QQDBaP22LeJ8Q8lwnGtqjo19EVEzTsF8erAw',1,1,13),(172,'eyJhbGciOiJIUzI1NiJ9.eyJjb3JyZW8iOiJhZG1pbkBkaC5jb20iLCJyb2wiOiJBRE1JTiIsInN1YiI6ImFkbWluQGRoLmNvbSIsImlhdCI6MTY4NTY0NTQ5NSwiZXhwIjoxNjg1NjQ5MDk1fQ.PjOy3sPxExREy4EpC33YlhQrq2nYZvHPMsAOq8lxkjc',1,1,13),(173,'eyJhbGciOiJIUzI1NiJ9.eyJjb3JyZW8iOiJhZG1pbkBkaC5jb20iLCJyb2wiOiJBRE1JTiIsInN1YiI6ImFkbWluQGRoLmNvbSIsImlhdCI6MTY4NTY0NTc4NiwiZXhwIjoxNjg1NjQ5Mzg2fQ.2Lw_CvfpHVfxiRD8a011u5cs0NYBe7X-N7AARuwf478',1,1,13),(174,'eyJhbGciOiJIUzI1NiJ9.eyJjb3JyZW8iOiJhZG1pbkBkaC5jb20iLCJyb2wiOiJBRE1JTiIsInN1YiI6ImFkbWluQGRoLmNvbSIsImlhdCI6MTY4NTY0NjIyMiwiZXhwIjoxNjg1NjQ5ODIyfQ.dRbUQwAMEeYaO4lJ2liBC8XXrS05MNdnRtD8UA8jkBo',1,1,13),(175,'eyJhbGciOiJIUzI1NiJ9.eyJjb3JyZW8iOiJhZG1pbkBkaC5jb20iLCJyb2wiOiJBRE1JTiIsInN1YiI6ImFkbWluQGRoLmNvbSIsImlhdCI6MTY4NTY0NjI4OCwiZXhwIjoxNjg1NjQ5ODg4fQ.mEYujHaVkPuKjP3p7NzVukei0yvRZcv1K4V0ZuZD6TM',1,1,13),(176,'eyJhbGciOiJIUzI1NiJ9.eyJjb3JyZW8iOiJhZG1pbkBkaC5jb20iLCJyb2wiOiJBRE1JTiIsInN1YiI6ImFkbWluQGRoLmNvbSIsImlhdCI6MTY4NTY0NzkyOSwiZXhwIjoxNjg1NjUxNTI5fQ.rORaFR78KADdSCIaOAaZzv-EU6RuToSTNmkW0jKM4Ik',1,1,13),(177,'eyJhbGciOiJIUzI1NiJ9.eyJjb3JyZW8iOiJhZG1pbkBkaC5jb20iLCJyb2wiOiJBRE1JTiIsInN1YiI6ImFkbWluQGRoLmNvbSIsImlhdCI6MTY4NTY0ODQ1NCwiZXhwIjoxNjg1NjUyMDU0fQ._fp57NgxGlpeoQBPH8ok2-C9djhkI1CMy7Pod6yQ5dM',1,1,13),(178,'eyJhbGciOiJIUzI1NiJ9.eyJjb3JyZW8iOiJhZG1pbkBkaC5jb20iLCJyb2wiOiJBRE1JTiIsInN1YiI6ImFkbWluQGRoLmNvbSIsImlhdCI6MTY4NTY0ODk3MiwiZXhwIjoxNjg1NjUyNTcyfQ.ys7xx04YbTiG8dDuusHUN2AMHFLe598FLHiT_Wn3fFo',1,1,13),(179,'eyJhbGciOiJIUzI1NiJ9.eyJjb3JyZW8iOiJhZG1pbkBkaC5jb20iLCJyb2wiOiJBRE1JTiIsInN1YiI6ImFkbWluQGRoLmNvbSIsImlhdCI6MTY4NTY0OTA0MSwiZXhwIjoxNjg1NjUyNjQxfQ.bbCTiPmyhIdPwpQJNoK_39bmLEzcwGfbml0iUXlb7Ow',1,1,13),(180,'eyJhbGciOiJIUzI1NiJ9.eyJjb3JyZW8iOiJhZG1pbkBkaC5jb20iLCJyb2wiOiJBRE1JTiIsInN1YiI6ImFkbWluQGRoLmNvbSIsImlhdCI6MTY4NTY0OTExNiwiZXhwIjoxNjg1NjUyNzE2fQ.txsKSR2v7xG52_pi_NO01qX6DfFLDrKVE-eTW6vggb8',1,1,13),(181,'eyJhbGciOiJIUzI1NiJ9.eyJjb3JyZW8iOiJhZG1pbkBkaC5jb20iLCJyb2wiOiJBRE1JTiIsInN1YiI6ImFkbWluQGRoLmNvbSIsImlhdCI6MTY4NTY0OTE1NSwiZXhwIjoxNjg1NjUyNzU1fQ.v3LbZoxkBzlDPJOgGx2y5ZDddx4hfmEoUM9r3lL3Jnc',1,1,13),(182,'eyJhbGciOiJIUzI1NiJ9.eyJjb3JyZW8iOiJhZG1pbkBkaC5jb20iLCJyb2wiOiJBRE1JTiIsInN1YiI6ImFkbWluQGRoLmNvbSIsImlhdCI6MTY4NTY1MDUwMSwiZXhwIjoxNjg1NjU0MTAxfQ.O2yg7wUcVUNDY2uixB7OMK7wInhT0XMW5VE0V-Ph5eM',1,1,13),(183,'eyJhbGciOiJIUzI1NiJ9.eyJjb3JyZW8iOiJhZG1pbkBkaC5jb20iLCJyb2wiOiJBRE1JTiIsInN1YiI6ImFkbWluQGRoLmNvbSIsImlhdCI6MTY4NTY1MjQxNSwiZXhwIjoxNjg1NjU2MDE1fQ.UVhHHGiO1l-PT1WXAwwy8ybjyRpo2g8rurndR9ZZzlw',1,1,13),(184,'eyJhbGciOiJIUzI1NiJ9.eyJjb3JyZW8iOiJhZG1pbkBkaC5jb20iLCJyb2wiOiJBRE1JTiIsInN1YiI6ImFkbWluQGRoLmNvbSIsImlhdCI6MTY4NTY1MjQxOCwiZXhwIjoxNjg1NjU2MDE4fQ.m8Rm2pISa4ROHRLkz-2hzaZOXelySbeNRFDmE7-Od-c',1,1,13),(185,'eyJhbGciOiJIUzI1NiJ9.eyJjb3JyZW8iOiJhZG1pbkBkaC5jb20iLCJyb2wiOiJBRE1JTiIsInN1YiI6ImFkbWluQGRoLmNvbSIsImlhdCI6MTY4NTY1MzkzNCwiZXhwIjoxNjg1NjU3NTM0fQ.SKAko2RDuPy56torsmi241ys0CtoUSkQ42_K_CbQfHg',1,1,13),(186,'eyJhbGciOiJIUzI1NiJ9.eyJjb3JyZW8iOiJhZG1pbkBkaC5jb20iLCJyb2wiOiJBRE1JTiIsInN1YiI6ImFkbWluQGRoLmNvbSIsImlhdCI6MTY4NTY1NDMyOCwiZXhwIjoxNjg1NjU3OTI4fQ.l28Zq8DQ8s4_faaJSjAHAdeQOfagWMJsBy9evZ8JQfs',1,1,13),(187,'eyJhbGciOiJIUzI1NiJ9.eyJjb3JyZW8iOiJhZG1pbkBkaC5jb20iLCJyb2wiOiJBRE1JTiIsInN1YiI6ImFkbWluQGRoLmNvbSIsImlhdCI6MTY4NTY1NTgzOCwiZXhwIjoxNjg1NjU5NDM4fQ.4MHo-huzGSBdyjeYvwtKTCkE2V_EzbpAx4N170vL4gg',1,1,13),(188,'eyJhbGciOiJIUzI1NiJ9.eyJjb3JyZW8iOiJhZG1pbkBkaC5jb20iLCJyb2wiOiJBRE1JTiIsInN1YiI6ImFkbWluQGRoLmNvbSIsImlhdCI6MTY4NTY1NjkyMSwiZXhwIjoxNjg1NjYwNTIxfQ.V5TIW_i7zcByMNMun_0W_5KBX-EXoIF9DnTn8Fs-kO4',1,1,13),(189,'eyJhbGciOiJIUzI1NiJ9.eyJjb3JyZW8iOiJhZG1pbkBkaC5jb20iLCJyb2wiOiJBRE1JTiIsInN1YiI6ImFkbWluQGRoLmNvbSIsImlhdCI6MTY4NTY1ODkzOSwiZXhwIjoxNjg1NjYyNTM5fQ.s5VjO3GAEoDMjdKtCb_AYpNtD3ofbGRYmhBeAdqj7YA',1,1,13),(190,'eyJhbGciOiJIUzI1NiJ9.eyJjb3JyZW8iOiJhZG1pbkBkaC5jb20iLCJyb2wiOiJBRE1JTiIsInN1YiI6ImFkbWluQGRoLmNvbSIsImlhdCI6MTY4NTY1OTM0MywiZXhwIjoxNjg1NjYyOTQzfQ.TUOnwJq6rxqr0GXuwUXIfaWm7iIK9jMvJDxOUeF5Gnk',1,1,13),(191,'eyJhbGciOiJIUzI1NiJ9.eyJjb3JyZW8iOiJhZG1pbkBkaC5jb20iLCJyb2wiOiJBRE1JTiIsInN1YiI6ImFkbWluQGRoLmNvbSIsImlhdCI6MTY4NTY1OTUwOSwiZXhwIjoxNjg1NjYzMTA5fQ.XOQEaKX_NR7tYYfTYeauDeDvwLjDWUMe_HIGNQPQqDI',1,1,13),(192,'eyJhbGciOiJIUzI1NiJ9.eyJjb3JyZW8iOiJhZG1pbkBkaC5jb20iLCJyb2wiOiJBRE1JTiIsInN1YiI6ImFkbWluQGRoLmNvbSIsImlhdCI6MTY4NTY1OTY0NywiZXhwIjoxNjg1NjYzMjQ3fQ.BF0Ih4B27tLDowgQRZbLpuDm4e8KSsCiaRIgrXaClW8',1,1,13),(193,'eyJhbGciOiJIUzI1NiJ9.eyJjb3JyZW8iOiJhZG1pbkBkaC5jb20iLCJyb2wiOiJBRE1JTiIsInN1YiI6ImFkbWluQGRoLmNvbSIsImlhdCI6MTY4NTY1OTY5NiwiZXhwIjoxNjg1NjYzMjk2fQ.-_BI1_6nwGzOTciapa1aVvIL-pkEeNJIi7jrh15QLOo',1,1,13),(194,'eyJhbGciOiJIUzI1NiJ9.eyJjb3JyZW8iOiJhZG1pbkBkaC5jb20iLCJyb2wiOiJBRE1JTiIsInN1YiI6ImFkbWluQGRoLmNvbSIsImlhdCI6MTY4NTY1OTc1NCwiZXhwIjoxNjg1NjYzMzU0fQ.xsk5cQqYy2HvHNjvEffgC1wDhQDiRUhd0zut_Bs4sgA',1,1,13),(195,'eyJhbGciOiJIUzI1NiJ9.eyJjb3JyZW8iOiJhZG1pbkBkaC5jb20iLCJyb2wiOiJBRE1JTiIsInN1YiI6ImFkbWluQGRoLmNvbSIsImlhdCI6MTY4NTY1OTg1MywiZXhwIjoxNjg1NjYzNDUzfQ.KYsFrHiE3F_-2zMoM5wsPT40Wt9Jxzl9voZTSYdUTi4',1,1,13),(196,'eyJhbGciOiJIUzI1NiJ9.eyJjb3JyZW8iOiJhZG1pbkBkaC5jb20iLCJyb2wiOiJBRE1JTiIsInN1YiI6ImFkbWluQGRoLmNvbSIsImlhdCI6MTY4NTY2MDc5NiwiZXhwIjoxNjg1NjY0Mzk2fQ._SOTf_nVqr6Dq8v2KOOhpicYhWqzAVO44r2nSkqilkA',1,1,13),(197,'eyJhbGciOiJIUzI1NiJ9.eyJjb3JyZW8iOiJhZG1pbkBkaC5jb20iLCJyb2wiOiJBRE1JTiIsInN1YiI6ImFkbWluQGRoLmNvbSIsImlhdCI6MTY4NTY2MTMzNSwiZXhwIjoxNjg1NjY0OTM1fQ.uu7_LGZywGPphZoIdVQqJ-N9I3ciksHrMfOTyeu2aus',1,1,13),(198,'eyJhbGciOiJIUzI1NiJ9.eyJjb3JyZW8iOiJhZG1pbkBkaC5jb20iLCJyb2wiOiJBRE1JTiIsInN1YiI6ImFkbWluQGRoLmNvbSIsImlhdCI6MTY4NTY2MTUyNSwiZXhwIjoxNjg1NjY1MTI1fQ.Zny6OaEIsSS8hMvoHvenhCCTVcCmr0jQ96yMNb-HOfo',1,1,13),(199,'eyJhbGciOiJIUzI1NiJ9.eyJjb3JyZW8iOiJhZG1pbkBkaC5jb20iLCJyb2wiOiJBRE1JTiIsInN1YiI6ImFkbWluQGRoLmNvbSIsImlhdCI6MTY4NTY2MTU1MCwiZXhwIjoxNjg1NjY1MTUwfQ.0-I9ZoUsU3xJzl7n-R4CqyeY7gJY9vA6c2snhLX_PZ4',1,1,13),(200,'eyJhbGciOiJIUzI1NiJ9.eyJjb3JyZW8iOiJhZG1pbkBkaC5jb20iLCJyb2wiOiJBRE1JTiIsInN1YiI6ImFkbWluQGRoLmNvbSIsImlhdCI6MTY4NTY2MTkzMSwiZXhwIjoxNjg1NjY1NTMxfQ.sJkLxcF04zg1ssqZ2bLKnARD_tlgUzrnC09XDxiFnqk',1,1,13),(201,'eyJhbGciOiJIUzI1NiJ9.eyJjb3JyZW8iOiJhZG1pbkBkaC5jb20iLCJyb2wiOiJBRE1JTiIsInN1YiI6ImFkbWluQGRoLmNvbSIsImlhdCI6MTY4NTY2MTkzNCwiZXhwIjoxNjg1NjY1NTM0fQ.0_0SDXBwWb_vVDNtr8orvKVKCrsctcNwCj1ukFcGWpU',1,1,13),(202,'eyJhbGciOiJIUzI1NiJ9.eyJjb3JyZW8iOiJhZG1pbkBkaC5jb20iLCJyb2wiOiJBRE1JTiIsInN1YiI6ImFkbWluQGRoLmNvbSIsImlhdCI6MTY4NTY2MjA5NywiZXhwIjoxNjg1NjY1Njk3fQ.uK1eVMlB2FGw-RnX_C7ooLuP7PgWFfqcW04MjNyPKqg',1,1,13),(203,'eyJhbGciOiJIUzI1NiJ9.eyJjb3JyZW8iOiJhZG1pbkBkaC5jb20iLCJyb2wiOiJBRE1JTiIsInN1YiI6ImFkbWluQGRoLmNvbSIsImlhdCI6MTY4NTY2MjU0NCwiZXhwIjoxNjg1NjY2MTQ0fQ.dnfDAQNCYqvHJe-_YdegSwvyZ0Ws0k7eGPpEPHVHnNw',1,1,13),(204,'eyJhbGciOiJIUzI1NiJ9.eyJjb3JyZW8iOiJhZG1pbkBkaC5jb20iLCJyb2wiOiJBRE1JTiIsInN1YiI6ImFkbWluQGRoLmNvbSIsImlhdCI6MTY4NTY2Mjk5MCwiZXhwIjoxNjg1NjY2NTkwfQ.7b27eaqyYYX-Fjq9MW3GthLF04uoRtqTspf3TLzFslY',1,1,13),(205,'eyJhbGciOiJIUzI1NiJ9.eyJjb3JyZW8iOiJhZG1pbkBkaC5jb20iLCJyb2wiOiJBRE1JTiIsInN1YiI6ImFkbWluQGRoLmNvbSIsImlhdCI6MTY4NTY2Mjk5MiwiZXhwIjoxNjg1NjY2NTkyfQ.icxD_mVXoDKExYyo7lRim-iNya8L1FqA8rAZtyJa5mM',1,1,13),(206,'eyJhbGciOiJIUzI1NiJ9.eyJjb3JyZW8iOiJhZG1pbkBkaC5jb20iLCJyb2wiOiJBRE1JTiIsInN1YiI6ImFkbWluQGRoLmNvbSIsImlhdCI6MTY4NTY2Mjk5MiwiZXhwIjoxNjg1NjY2NTkyfQ.icxD_mVXoDKExYyo7lRim-iNya8L1FqA8rAZtyJa5mM',1,1,13),(207,'eyJhbGciOiJIUzI1NiJ9.eyJjb3JyZW8iOiJhZG1pbkBkaC5jb20iLCJyb2wiOiJBRE1JTiIsInN1YiI6ImFkbWluQGRoLmNvbSIsImlhdCI6MTY4NTY2Mjk5MywiZXhwIjoxNjg1NjY2NTkzfQ.nEPf1FaO9acBzZaJ3Gg9oevnEFv6-_4gY2G4rXRBJSA',1,1,13),(208,'eyJhbGciOiJIUzI1NiJ9.eyJjb3JyZW8iOiJhZG1pbkBkaC5jb20iLCJyb2wiOiJBRE1JTiIsInN1YiI6ImFkbWluQGRoLmNvbSIsImlhdCI6MTY4NTY2MzIwOSwiZXhwIjoxNjg1NjY2ODA5fQ.mFD3LYPnAUF1RnnWJXrzyWvuRIiKxa2gRfVG6BsFij8',1,1,13),(209,'eyJhbGciOiJIUzI1NiJ9.eyJjb3JyZW8iOiJhZG1pbkBkaC5jb20iLCJyb2wiOiJBRE1JTiIsInN1YiI6ImFkbWluQGRoLmNvbSIsImlhdCI6MTY4NTY2MzY4OSwiZXhwIjoxNjg1NjY3Mjg5fQ.Eo0f4gBXXjM2qiQn9AA7kXcG2DS30itmbWnL7g5ThZw',1,1,13),(210,'eyJhbGciOiJIUzI1NiJ9.eyJjb3JyZW8iOiJhZG1pbkBkaC5jb20iLCJyb2wiOiJBRE1JTiIsInN1YiI6ImFkbWluQGRoLmNvbSIsImlhdCI6MTY4NTY2Mzg0NCwiZXhwIjoxNjg1NjY3NDQ0fQ.2xp1sxvQMO1slKOgrjWeplunfdSc1fHRsVYzoxjDhlI',1,1,13),(211,'eyJhbGciOiJIUzI1NiJ9.eyJjb3JyZW8iOiJhZG1pbkBkaC5jb20iLCJyb2wiOiJBRE1JTiIsInN1YiI6ImFkbWluQGRoLmNvbSIsImlhdCI6MTY4NTY2Mzg0OCwiZXhwIjoxNjg1NjY3NDQ4fQ.UpSegYAok6f-JZIDyEf05bUn7JUo7wRWUBpzbY6cWIk',1,1,13),(212,'eyJhbGciOiJIUzI1NiJ9.eyJjb3JyZW8iOiJhZG1pbkBkaC5jb20iLCJyb2wiOiJBRE1JTiIsInN1YiI6ImFkbWluQGRoLmNvbSIsImlhdCI6MTY4NTY2NDgyNCwiZXhwIjoxNjg1NjY4NDI0fQ.Rg7hFN56goOtFlq1oqSOd-ePfAVWl6tevF8VWEBKYS4',1,1,13),(213,'eyJhbGciOiJIUzI1NiJ9.eyJjb3JyZW8iOiJhZG1pbkBkaC5jb20iLCJyb2wiOiJBRE1JTiIsInN1YiI6ImFkbWluQGRoLmNvbSIsImlhdCI6MTY4NTY2NDkxMiwiZXhwIjoxNjg1NjY4NTEyfQ.sLpvZ4hmIgTYC92Ag07_OQ8IPrO7NIqNs-VoMg3B9oU',1,1,13),(214,'eyJhbGciOiJIUzI1NiJ9.eyJjb3JyZW8iOiJhZG1pbkBkaC5jb20iLCJyb2wiOiJBRE1JTiIsInN1YiI6ImFkbWluQGRoLmNvbSIsImlhdCI6MTY4NTY2NDk0MiwiZXhwIjoxNjg1NjY4NTQyfQ.YuW0eVZXREY_wpl9cSO3zSI-qcWMs7Gl9PXINeiL4EY',1,1,13),(215,'eyJhbGciOiJIUzI1NiJ9.eyJjb3JyZW8iOiJhZG1pbkBkaC5jb20iLCJyb2wiOiJBRE1JTiIsInN1YiI6ImFkbWluQGRoLmNvbSIsImlhdCI6MTY4NTY2NTAzNSwiZXhwIjoxNjg1NjY4NjM1fQ.7IblWGX6gQ_abdqIurTTy-1O8oFcwq7Fwn5y5qUYAJs',1,1,13),(216,'eyJhbGciOiJIUzI1NiJ9.eyJjb3JyZW8iOiJhZG1pbkBkaC5jb20iLCJyb2wiOiJBRE1JTiIsInN1YiI6ImFkbWluQGRoLmNvbSIsImlhdCI6MTY4NTY2NTYzMSwiZXhwIjoxNjg1NjY5MjMxfQ.-iKRh-drqTxuWhaXbUeX4r0dR_asYIsnwIN6QCV9Et8',1,1,13),(217,'eyJhbGciOiJIUzI1NiJ9.eyJjb3JyZW8iOiJhZG1pbkBkaC5jb20iLCJyb2wiOiJBRE1JTiIsInN1YiI6ImFkbWluQGRoLmNvbSIsImlhdCI6MTY4NTY2NjM1MCwiZXhwIjoxNjg1NjY5OTUwfQ.ruHA1oXMawZj5QOpTOkVR-RYh9iAZcHccU5rmWvjIqs',1,1,13),(218,'eyJhbGciOiJIUzI1NiJ9.eyJjb3JyZW8iOiJpdmlAZ21haWwuY29tIiwicm9sIjoiQ0xJRU5URSIsInN1YiI6Iml2aUBnbWFpbC5jb20iLCJpYXQiOjE2ODU2Njc1NzksImV4cCI6MTY4NTY3MTE3OX0.l60KjwdlVsPab_eX4VEJl1_w_br55nZq1Ir64H08SFk',1,1,60),(219,'eyJhbGciOiJIUzI1NiJ9.eyJjb3JyZW8iOiJzb2xAZ21haWwuY29tIiwicm9sIjoiQ0xJRU5URSIsInN1YiI6InNvbEBnbWFpbC5jb20iLCJpYXQiOjE2ODU2Njc2MzQsImV4cCI6MTY4NTY3MTIzNH0.0g9pM4EAMnivaWEfV_sFf4fFh28hJhsQSknKwAjns64',1,1,59),(220,'eyJhbGciOiJIUzI1NiJ9.eyJjb3JyZW8iOiJzb2xAZ21haWwuY29tIiwicm9sIjoiQ0xJRU5URSIsInN1YiI6InNvbEBnbWFpbC5jb20iLCJpYXQiOjE2ODU2Njc2MzUsImV4cCI6MTY4NTY3MTIzNX0.MIQh9n2lkSCRgZXs8xpj42UULtsbJ1yBSPtzf77UQk0',1,1,59),(221,'eyJhbGciOiJIUzI1NiJ9.eyJjb3JyZW8iOiJpdmlAZ21haWwuY29tIiwicm9sIjoiQ0xJRU5URSIsInN1YiI6Iml2aUBnbWFpbC5jb20iLCJpYXQiOjE2ODU2Njc2NTAsImV4cCI6MTY4NTY3MTI1MH0.TrX-A0A_0qTt2mWVrFpQJddnm35tREHfNtqN5MSA_yc',1,1,60),(222,'eyJhbGciOiJIUzI1NiJ9.eyJjb3JyZW8iOiJzb2xAZ21haWwuY29tIiwicm9sIjoiQ0xJRU5URSIsInN1YiI6InNvbEBnbWFpbC5jb20iLCJpYXQiOjE2ODU2Njc4MzgsImV4cCI6MTY4NTY3MTQzOH0.yvKGdizEzmZvoPh12GVazvLGMZadUO2vjYTE1dmSzPw',1,1,59),(223,'eyJhbGciOiJIUzI1NiJ9.eyJjb3JyZW8iOiJhZG1pbkBkaC5jb20iLCJyb2wiOiJBRE1JTiIsInN1YiI6ImFkbWluQGRoLmNvbSIsImlhdCI6MTY4NTY2Nzk1MSwiZXhwIjoxNjg1NjcxNTUxfQ.do5QlJw8WxHlKZkCuzAsJVeO-N40Ey8EHAneEpyl9CE',1,1,13),(224,'eyJhbGciOiJIUzI1NiJ9.eyJjb3JyZW8iOiJzb2xAZ21haWwuY29tIiwicm9sIjoiQ0xJRU5URSIsInN1YiI6InNvbEBnbWFpbC5jb20iLCJpYXQiOjE2ODU2NjgwNzMsImV4cCI6MTY4NTY3MTY3M30.hRfLMiCJopCNwIuWKHhsvnzgGFP4aaXDn9PmK_i-ZAk',1,1,59),(225,'eyJhbGciOiJIUzI1NiJ9.eyJjb3JyZW8iOiJzb2xAZ21haWwuY29tIiwicm9sIjoiQ0xJRU5URSIsInN1YiI6InNvbEBnbWFpbC5jb20iLCJpYXQiOjE2ODU2NjgwNzcsImV4cCI6MTY4NTY3MTY3N30.TZvp3lA91Au5wxhb0IhbJhRUhlNGgGR_LDABG3AUn3c',1,1,59),(226,'eyJhbGciOiJIUzI1NiJ9.eyJjb3JyZW8iOiJpdmlAZ21haWwuY29tIiwicm9sIjoiQ0xJRU5URSIsInN1YiI6Iml2aUBnbWFpbC5jb20iLCJpYXQiOjE2ODU2NjgyMjYsImV4cCI6MTY4NTY3MTgyNn0.d9KIWryYB9oEafWWQQMA2q50SFCbtFHZ0vW-ZDhEdmU',1,1,60),(227,'eyJhbGciOiJIUzI1NiJ9.eyJjb3JyZW8iOiJhZG1pbkBkaC5jb20iLCJyb2wiOiJBRE1JTiIsInN1YiI6ImFkbWluQGRoLmNvbSIsImlhdCI6MTY4NTY2OTAwOSwiZXhwIjoxNjg1NjcyNjA5fQ.A6iWKiXCvtfObVkx6COt549wicXV7pEVsELCxVFNjYU',1,1,13),(228,'eyJhbGciOiJIUzI1NiJ9.eyJjb3JyZW8iOiJhZG1pbkBkaC5jb20iLCJyb2wiOiJBRE1JTiIsInN1YiI6ImFkbWluQGRoLmNvbSIsImlhdCI6MTY4NTY3MTExMCwiZXhwIjoxNjg1Njc0NzEwfQ.ApKIvr6wdndkmIy0Mn-L13NviPNwSyrV5bWEOJuxCLs',1,1,13),(229,'eyJhbGciOiJIUzI1NiJ9.eyJjb3JyZW8iOiJzb2xAZ21haWwuY29tIiwicm9sIjoiQ0xJRU5URSIsInN1YiI6InNvbEBnbWFpbC5jb20iLCJpYXQiOjE2ODU2NzE1MDksImV4cCI6MTY4NTY3NTEwOX0.yRvuWe8pSyiR8R7wxvMJiIERYfDVpOGzTQ1yKOccYl4',1,1,59),(230,'eyJhbGciOiJIUzI1NiJ9.eyJjb3JyZW8iOiJhZG1pbkBkaC5jb20iLCJyb2wiOiJBRE1JTiIsInN1YiI6ImFkbWluQGRoLmNvbSIsImlhdCI6MTY4NTY3MTYwNSwiZXhwIjoxNjg1Njc1MjA1fQ.jB5d2S7MwdV82ySjEj6qZNJ_G3721fYaOJBVSj_0Gls',1,1,13),(231,'eyJhbGciOiJIUzI1NiJ9.eyJjb3JyZW8iOiJhZG1pbkBkaC5jb20iLCJyb2wiOiJBRE1JTiIsInN1YiI6ImFkbWluQGRoLmNvbSIsImlhdCI6MTY4NTY3NDQ1MiwiZXhwIjoxNjg1Njc4MDUyfQ.GPOee1HoRlUdxlO6v_lcJ4RAFSFRbjIMSfydkBCDj6Q',1,1,13),(232,'eyJhbGciOiJIUzI1NiJ9.eyJjb3JyZW8iOiJhZG1pbkBkaC5jb20iLCJyb2wiOiJBRE1JTiIsInN1YiI6ImFkbWluQGRoLmNvbSIsImlhdCI6MTY4NTc0NzM3NywiZXhwIjoxNjg1NzUwOTc3fQ.7e0wDQLOqQXuwf4MT5RrdoVdkzHCFy9_et19iJHZ_n8',1,1,13),(233,'eyJhbGciOiJIUzI1NiJ9.eyJjb3JyZW8iOiJhZG1pbkBkaC5jb20iLCJyb2wiOiJBRE1JTiIsInN1YiI6ImFkbWluQGRoLmNvbSIsImlhdCI6MTY4NTkxNjY3OCwiZXhwIjoxNjg1OTIwMjc4fQ.VB-rCEOUM6IS0kTCrtiw7nLm7c1RHY1VbudHcEquEFU',1,1,13),(234,'eyJhbGciOiJIUzI1NiJ9.eyJjb3JyZW8iOiJhZG1pbkBkaC5jb20iLCJyb2wiOiJBRE1JTiIsInN1YiI6ImFkbWluQGRoLmNvbSIsImlhdCI6MTY4NTkxNjgzNiwiZXhwIjoxNjg1OTIwNDM2fQ.QH8Js72NOn0wtrkvHrzdtwbp7vEQU5qgfgn09tUhdp8',1,1,13),(235,'eyJhbGciOiJIUzI1NiJ9.eyJjb3JyZW8iOiJhZG1pbkBkaC5jb20iLCJyb2wiOiJBRE1JTiIsInN1YiI6ImFkbWluQGRoLmNvbSIsImlhdCI6MTY4NTkxNjk1NSwiZXhwIjoxNjg1OTIwNTU1fQ.V5w35d-NxRxReeG8o7EmF63T2PNXNQzSZu3PtBzyzK8',1,1,13),(236,'eyJhbGciOiJIUzI1NiJ9.eyJjb3JyZW8iOiJhZG1pbkBkaC5jb20iLCJyb2wiOiJBRE1JTiIsInN1YiI6ImFkbWluQGRoLmNvbSIsImlhdCI6MTY4NTkxNjk5NSwiZXhwIjoxNjg1OTIwNTk1fQ.B0gZUvZU834B0VQkgxh6fomxvV5-uCz9qJ0TdpiOHVE',1,1,13),(237,'eyJhbGciOiJIUzI1NiJ9.eyJjb3JyZW8iOiJhZG1pbkBkaC5jb20iLCJyb2wiOiJBRE1JTiIsInN1YiI6ImFkbWluQGRoLmNvbSIsImlhdCI6MTY4NTkxNzM1OSwiZXhwIjoxNjg1OTIwOTU5fQ.6Ae13UGt1FcLxusGvu63I-aakmgZDKbd0jnJ4jX7Mk0',1,1,13),(238,'eyJhbGciOiJIUzI1NiJ9.eyJjb3JyZW8iOiJhZG1pbkBkaC5jb20iLCJyb2wiOiJBRE1JTiIsInN1YiI6ImFkbWluQGRoLmNvbSIsImlhdCI6MTY4NTkxNzQ4MywiZXhwIjoxNjg1OTIxMDgzfQ.d4wgWW-MJhtvbfGPipYuFk-PhLHF1JGUCzLIXlPgTe4',1,1,13),(239,'eyJhbGciOiJIUzI1NiJ9.eyJjb3JyZW8iOiJhZG1pbkBkaC5jb20iLCJyb2wiOiJBRE1JTiIsInN1YiI6ImFkbWluQGRoLmNvbSIsImlhdCI6MTY4NTkxNzcxMiwiZXhwIjoxNjg1OTIxMzEyfQ.yzlb28RamXqu3-3hT2_nO2VOlqhT36K1Vv0HCvpGhSU',1,1,13),(240,'eyJhbGciOiJIUzI1NiJ9.eyJjb3JyZW8iOiJhZG1pbkBkaC5jb20iLCJyb2wiOiJBRE1JTiIsInN1YiI6ImFkbWluQGRoLmNvbSIsImlhdCI6MTY4NTkxNzc3NCwiZXhwIjoxNjg1OTIxMzc0fQ.PycZoVD4Mb1nWLf9VdNNX6e__QqVtXkvj2nD54vBpig',1,1,13),(241,'eyJhbGciOiJIUzI1NiJ9.eyJjb3JyZW8iOiJhZG1pbkBkaC5jb20iLCJyb2wiOiJBRE1JTiIsInN1YiI6ImFkbWluQGRoLmNvbSIsImlhdCI6MTY4NTkxODU2NCwiZXhwIjoxNjg1OTIyMTY0fQ.-r4eP3xQMolpDLfPBgvAeHsemD2VSxnVrRVvIyHTxbs',1,1,13),(242,'eyJhbGciOiJIUzI1NiJ9.eyJjb3JyZW8iOiJhZG1pbkBkaC5jb20iLCJyb2wiOiJBRE1JTiIsInN1YiI6ImFkbWluQGRoLmNvbSIsImlhdCI6MTY4NTkyMDUyNywiZXhwIjoxNjg1OTI0MTI3fQ.1nU8A9RCEZ2YsG2jz6z24b2LQ_usfE941ArywXNo-KI',1,1,13),(243,'eyJhbGciOiJIUzI1NiJ9.eyJjb3JyZW8iOiJhZG1pbkBkaC5jb20iLCJyb2wiOiJBRE1JTiIsInN1YiI6ImFkbWluQGRoLmNvbSIsImlhdCI6MTY4NTkyMjI0MSwiZXhwIjoxNjg1OTI1ODQxfQ.wo11wUTiajeOxhxvIDqJhWGDP58QWgfi3HdnCahqa1k',1,1,13),(244,'eyJhbGciOiJIUzI1NiJ9.eyJjb3JyZW8iOiJhZG1pbkBkaC5jb20iLCJyb2wiOiJBRE1JTiIsInN1YiI6ImFkbWluQGRoLmNvbSIsImlhdCI6MTY4NTkyMjI4OCwiZXhwIjoxNjg1OTI1ODg4fQ.EkdMw-UnWuKgJImvvoj370nCgyXzJXB0S_PpmFxcjzM',1,1,13),(245,'eyJhbGciOiJIUzI1NiJ9.eyJjb3JyZW8iOiJhZG1pbkBkaC5jb20iLCJyb2wiOiJBRE1JTiIsInN1YiI6ImFkbWluQGRoLmNvbSIsImlhdCI6MTY4NTkyMjI5NCwiZXhwIjoxNjg1OTI1ODk0fQ.5UON2kAnw8yclLK24IZ47HvHiOeHLbbBeu4Xuw6ePdM',1,1,13),(246,'eyJhbGciOiJIUzI1NiJ9.eyJjb3JyZW8iOiJhZG1pbkBkaC5jb20iLCJyb2wiOiJBRE1JTiIsInN1YiI6ImFkbWluQGRoLmNvbSIsImlhdCI6MTY4NTkyMjM0NSwiZXhwIjoxNjg1OTI1OTQ1fQ.HWzq_s-PRpDIMwCSyGPCZGWsMOpCP1MZmCqvkdmRcAY',1,1,13),(247,'eyJhbGciOiJIUzI1NiJ9.eyJjb3JyZW8iOiJhZG1pbkBkaC5jb20iLCJyb2wiOiJBRE1JTiIsInN1YiI6ImFkbWluQGRoLmNvbSIsImlhdCI6MTY4NTkyMjQyMSwiZXhwIjoxNjg1OTI2MDIxfQ.itHLcTLsJO__sgJclbnRUAJcKDxRgnbPBpu3L6FgpHs',1,1,13),(248,'eyJhbGciOiJIUzI1NiJ9.eyJjb3JyZW8iOiJhZG1pbkBkaC5jb20iLCJyb2wiOiJBRE1JTiIsInN1YiI6ImFkbWluQGRoLmNvbSIsImlhdCI6MTY4NTkyMjU0NiwiZXhwIjoxNjg1OTI2MTQ2fQ.i434ifAyfJTmrDycIJZrrmU_5CM6VGZ3zEW3uJ6XX1Q',1,1,13),(249,'eyJhbGciOiJIUzI1NiJ9.eyJjb3JyZW8iOiJpdmlAZ21haWwuY29tIiwicm9sIjoiQ0xJRU5URSIsInN1YiI6Iml2aUBnbWFpbC5jb20iLCJpYXQiOjE2ODU5MjI2ODgsImV4cCI6MTY4NTkyNjI4OH0.anGsByFYLteUODg6jb7l9GWClsENpm8IMV5IFbfC53Y',1,1,60),(250,'eyJhbGciOiJIUzI1NiJ9.eyJjb3JyZW8iOiJhZG1pbkBkaC5jb20iLCJyb2wiOiJBRE1JTiIsInN1YiI6ImFkbWluQGRoLmNvbSIsImlhdCI6MTY4NTkyMjg3MCwiZXhwIjoxNjg1OTI2NDcwfQ.lMaM4z7sre-abGj-ZyV7VJVKshxPie2u9ki25b2F_DA',1,1,13),(251,'eyJhbGciOiJIUzI1NiJ9.eyJjb3JyZW8iOiJhZG1pbkBkaC5jb20iLCJyb2wiOiJBRE1JTiIsInN1YiI6ImFkbWluQGRoLmNvbSIsImlhdCI6MTY4NTkyMjk3MSwiZXhwIjoxNjg1OTI2NTcxfQ.cN076WazbMRAKPr-oJtLFD1OpDklsEWwmV8icFA97xs',1,1,13),(252,'eyJhbGciOiJIUzI1NiJ9.eyJjb3JyZW8iOiJhZG1pbkBkaC5jb20iLCJyb2wiOiJBRE1JTiIsInN1YiI6ImFkbWluQGRoLmNvbSIsImlhdCI6MTY4NTkyMjk5MiwiZXhwIjoxNjg1OTI2NTkyfQ.-wqJnlWVcQF9vOSg_kHCWR9hp1Gotblze6kiKb73iz0',1,1,13),(253,'eyJhbGciOiJIUzI1NiJ9.eyJjb3JyZW8iOiJpdmlAZ21haWwuY29tIiwicm9sIjoiQ0xJRU5URSIsInN1YiI6Iml2aUBnbWFpbC5jb20iLCJpYXQiOjE2ODU5MjMwMjgsImV4cCI6MTY4NTkyNjYyOH0.-VoL_m-PyzDqALQ27Pg_eQ-ZPVEDSv0tCYW9np48w4s',1,1,60),(254,'eyJhbGciOiJIUzI1NiJ9.eyJjb3JyZW8iOiJhZG1pbkBkaC5jb20iLCJyb2wiOiJBRE1JTiIsInN1YiI6ImFkbWluQGRoLmNvbSIsImlhdCI6MTY4NTkyMzEwMiwiZXhwIjoxNjg1OTI2NzAyfQ.DGKpPwVSOtBvBeDqXN7BqOMJ0cC80DXPM5-H1Hhmqbw',1,1,13),(255,'eyJhbGciOiJIUzI1NiJ9.eyJjb3JyZW8iOiJhZG1pbkBkaC5jb20iLCJyb2wiOiJBRE1JTiIsInN1YiI6ImFkbWluQGRoLmNvbSIsImlhdCI6MTY4NTkyMzE4OSwiZXhwIjoxNjg1OTI2Nzg5fQ.c-cjEm714g1JQqLtO3Q8u3I-XqKJV5pZxSdPYLXNw_M',1,1,13),(256,'eyJhbGciOiJIUzI1NiJ9.eyJjb3JyZW8iOiJpdmlAZ21haWwuY29tIiwicm9sIjoiQ0xJRU5URSIsInN1YiI6Iml2aUBnbWFpbC5jb20iLCJpYXQiOjE2ODU5MjMyMjQsImV4cCI6MTY4NTkyNjgyNH0.q2W1Sg5YU3U89Qw5b91TKZkcbcQpHRDuXzSaPbv9vvE',1,1,60),(257,'eyJhbGciOiJIUzI1NiJ9.eyJjb3JyZW8iOiJhZG1pbkBkaC5jb20iLCJyb2wiOiJBRE1JTiIsInN1YiI6ImFkbWluQGRoLmNvbSIsImlhdCI6MTY4NTkyMzMwNiwiZXhwIjoxNjg1OTI2OTA2fQ.1lU78ryo_9WrS4UbC5AwggP3ugQYn_zAuYMHLOMV3kg',1,1,13),(258,'eyJhbGciOiJIUzI1NiJ9.eyJjb3JyZW8iOiJpdmlAZ21haWwuY29tIiwicm9sIjoiQ0xJRU5URSIsInN1YiI6Iml2aUBnbWFpbC5jb20iLCJpYXQiOjE2ODU5MjMzNDUsImV4cCI6MTY4NTkyNjk0NX0.BtZF4GI65scD-CVhDQuX6TtRajGpxpqNa4XHjL862vU',1,1,60),(259,'eyJhbGciOiJIUzI1NiJ9.eyJjb3JyZW8iOiJhZG1pbkBkaC5jb20iLCJyb2wiOiJBRE1JTiIsInN1YiI6ImFkbWluQGRoLmNvbSIsImlhdCI6MTY4NTkyMzU0NiwiZXhwIjoxNjg1OTI3MTQ2fQ.SBQ51K45zHOhSa9W0LZyehwIkbS701gZ8yJp3cmBGkc',1,1,13),(260,'eyJhbGciOiJIUzI1NiJ9.eyJjb3JyZW8iOiJhZG1pbkBkaC5jb20iLCJyb2wiOiJBRE1JTiIsInN1YiI6ImFkbWluQGRoLmNvbSIsImlhdCI6MTY4NTkyMzU4MywiZXhwIjoxNjg1OTI3MTgzfQ.viZHQ0hG_T2isPB2Bx5exqDAMJ3isQya1E8vVKUU-hI',1,1,13),(261,'eyJhbGciOiJIUzI1NiJ9.eyJjb3JyZW8iOiJpdmlAZ21haWwuY29tIiwicm9sIjoiQ0xJRU5URSIsInN1YiI6Iml2aUBnbWFpbC5jb20iLCJpYXQiOjE2ODU5MjM2MDcsImV4cCI6MTY4NTkyNzIwN30.zOiEAYty1ZoYDXmXRoMPYGCjZRL_W-VepveXtn2skf4',1,1,60),(262,'eyJhbGciOiJIUzI1NiJ9.eyJjb3JyZW8iOiJhZG1pbkBkaC5jb20iLCJyb2wiOiJBRE1JTiIsInN1YiI6ImFkbWluQGRoLmNvbSIsImlhdCI6MTY4NTkyMzcyOCwiZXhwIjoxNjg1OTI3MzI4fQ.toCz2Lg7Y_6N1-onYwk-Vm2xPDmd-t-aLSHl3nIKrUU',1,1,13),(263,'eyJhbGciOiJIUzI1NiJ9.eyJjb3JyZW8iOiJpdmlAZ21haWwuY29tIiwicm9sIjoiQ0xJRU5URSIsInN1YiI6Iml2aUBnbWFpbC5jb20iLCJpYXQiOjE2ODU5MjM3NDksImV4cCI6MTY4NTkyNzM0OX0.LoYlllWO4b1-XiSA0IOmrT3Qw6waVU8Im5rpINvF4H4',1,1,60),(264,'eyJhbGciOiJIUzI1NiJ9.eyJjb3JyZW8iOiJhZG1pbkBkaC5jb20iLCJyb2wiOiJBRE1JTiIsInN1YiI6ImFkbWluQGRoLmNvbSIsImlhdCI6MTY4NTkyMzgzOSwiZXhwIjoxNjg1OTI3NDM5fQ.ceFpBYtroC6yD8UcmQd2X022nBjk87EnSPd6jrFa5-c',1,1,13),(265,'eyJhbGciOiJIUzI1NiJ9.eyJjb3JyZW8iOiJhZG1pbkBkaC5jb20iLCJyb2wiOiJBRE1JTiIsInN1YiI6ImFkbWluQGRoLmNvbSIsImlhdCI6MTY4NTkyNDE2OCwiZXhwIjoxNjg1OTI3NzY4fQ.cRGDtb3pCf_xmOTXDBKQRMvfCTVK8nMWtrT7rsA7Myo',1,1,13),(266,'eyJhbGciOiJIUzI1NiJ9.eyJjb3JyZW8iOiJpdmlAZ21haWwuY29tIiwicm9sIjoiQ0xJRU5URSIsInN1YiI6Iml2aUBnbWFpbC5jb20iLCJpYXQiOjE2ODU5MjQ0OTUsImV4cCI6MTY4NTkyODA5NX0.dwgRyqEg-MlgAW-AZKhR4Ks0Z444xvFXEjddz-8_kwQ',1,1,60),(267,'eyJhbGciOiJIUzI1NiJ9.eyJjb3JyZW8iOiJhZG1pbkBkaC5jb20iLCJyb2wiOiJBRE1JTiIsInN1YiI6ImFkbWluQGRoLmNvbSIsImlhdCI6MTY4NTkyNDUyMSwiZXhwIjoxNjg1OTI4MTIxfQ.Na0UIo0qRhVM4a7Ub9JpTrEBx7pb-8ERjUISlN6CZKw',1,1,13),(268,'eyJhbGciOiJIUzI1NiJ9.eyJjb3JyZW8iOiJhZG1pbkBkaC5jb20iLCJyb2wiOiJBRE1JTiIsInN1YiI6ImFkbWluQGRoLmNvbSIsImlhdCI6MTY4NTkyNDU2MCwiZXhwIjoxNjg1OTI4MTYwfQ.besjjDoi7wwBAWn0yRECN0AKyYbe0AHNJ4dvkIQA6Ew',1,1,13),(269,'eyJhbGciOiJIUzI1NiJ9.eyJjb3JyZW8iOiJhZG1pbkBkaC5jb20iLCJyb2wiOiJBRE1JTiIsInN1YiI6ImFkbWluQGRoLmNvbSIsImlhdCI6MTY4NTkyNDYwNywiZXhwIjoxNjg1OTI4MjA3fQ.wq7Nz_38T36J9ZHvyl-SiElA4VixP0ohqMWswWXC7Co',1,1,13),(270,'eyJhbGciOiJIUzI1NiJ9.eyJjb3JyZW8iOiJhZG1pbkBkaC5jb20iLCJyb2wiOiJBRE1JTiIsInN1YiI6ImFkbWluQGRoLmNvbSIsImlhdCI6MTY4NTkyNDY0NSwiZXhwIjoxNjg1OTI4MjQ1fQ.hL5fvawPmpApeSbvQaS7Crhv62aXorG48x0EvJMpVX4',1,1,13),(271,'eyJhbGciOiJIUzI1NiJ9.eyJjb3JyZW8iOiJpdmlAZ21haWwuY29tIiwicm9sIjoiQ0xJRU5URSIsInN1YiI6Iml2aUBnbWFpbC5jb20iLCJpYXQiOjE2ODU5MjQ2NjMsImV4cCI6MTY4NTkyODI2M30.Uxsh0UqZ-HV-3Gh_YTmcflQpKLeLo2DjWaqrOfd7k2U',1,1,60),(272,'eyJhbGciOiJIUzI1NiJ9.eyJjb3JyZW8iOiJhZG1pbkBkaC5jb20iLCJyb2wiOiJBRE1JTiIsInN1YiI6ImFkbWluQGRoLmNvbSIsImlhdCI6MTY4NTkyNDczNCwiZXhwIjoxNjg1OTI4MzM0fQ.ntUanlZTJO3HXtf2Zf6ZqmPsdvbsJnC4JQ0HP0O3GFY',1,1,13),(273,'eyJhbGciOiJIUzI1NiJ9.eyJjb3JyZW8iOiJhZG1pbkBkaC5jb20iLCJyb2wiOiJBRE1JTiIsInN1YiI6ImFkbWluQGRoLmNvbSIsImlhdCI6MTY4NTkyNDgwOCwiZXhwIjoxNjg1OTI4NDA4fQ.ygcJAYiBEw2gIgLWPQ6-tSLizJDkDU11b8RxH8lQpYA',1,1,13),(274,'eyJhbGciOiJIUzI1NiJ9.eyJjb3JyZW8iOiJpdmlAZ21haWwuY29tIiwicm9sIjoiQ0xJRU5URSIsInN1YiI6Iml2aUBnbWFpbC5jb20iLCJpYXQiOjE2ODU5MjQ4NjgsImV4cCI6MTY4NTkyODQ2OH0.6vmq-OZ1_T5EUgQhEmshQG6mO_eFkTHvKSjt9PKAmgk',1,1,60),(275,'eyJhbGciOiJIUzI1NiJ9.eyJjb3JyZW8iOiJhZG1pbkBkaC5jb20iLCJyb2wiOiJBRE1JTiIsInN1YiI6ImFkbWluQGRoLmNvbSIsImlhdCI6MTY4NTkyNTA0MSwiZXhwIjoxNjg1OTI4NjQxfQ.HNaQB87hvI_EfV5w9ORAFKB3XQNf2TH9QCPnKm102Ao',1,1,13),(276,'eyJhbGciOiJIUzI1NiJ9.eyJjb3JyZW8iOiJpdmlAZ21haWwuY29tIiwicm9sIjoiQ0xJRU5URSIsInN1YiI6Iml2aUBnbWFpbC5jb20iLCJpYXQiOjE2ODU5MjUwODYsImV4cCI6MTY4NTkyODY4Nn0.YxE3sqJVA7pFNFJvyftEaD_e83g1osE41WGR3VKM-0A',1,1,60),(277,'eyJhbGciOiJIUzI1NiJ9.eyJjb3JyZW8iOiJhZG1pbkBkaC5jb20iLCJyb2wiOiJBRE1JTiIsInN1YiI6ImFkbWluQGRoLmNvbSIsImlhdCI6MTY4NTkyNTEyNiwiZXhwIjoxNjg1OTI4NzI2fQ.XMe2yxurNVzU2ljRAhNy48mO7ya5ROlJQvsFOkykJ10',1,1,13),(278,'eyJhbGciOiJIUzI1NiJ9.eyJjb3JyZW8iOiJhZG1pbkBkaC5jb20iLCJyb2wiOiJBRE1JTiIsInN1YiI6ImFkbWluQGRoLmNvbSIsImlhdCI6MTY4NTkyNTMxMiwiZXhwIjoxNjg1OTI4OTEyfQ.3b0AkX8rMY0YvR947g16eujFIgomwemZwBGs5aW4UoQ',1,1,13),(279,'eyJhbGciOiJIUzI1NiJ9.eyJjb3JyZW8iOiJhZG1pbkBkaC5jb20iLCJyb2wiOiJBRE1JTiIsInN1YiI6ImFkbWluQGRoLmNvbSIsImlhdCI6MTY4NTkyNTM2NywiZXhwIjoxNjg1OTI4OTY3fQ._w5lEX7pOqHKBacnUjIeCIw6BYB0EZ-OqVp9A_Pgw5E',1,1,13),(280,'eyJhbGciOiJIUzI1NiJ9.eyJjb3JyZW8iOiJhZG1pbkBkaC5jb20iLCJyb2wiOiJBRE1JTiIsInN1YiI6ImFkbWluQGRoLmNvbSIsImlhdCI6MTY4NTkyNTQ0NiwiZXhwIjoxNjg1OTI5MDQ2fQ.uSauxy1qXmsi7Z1OJT0CQCrXDNpMFVsLIafdxBAvzes',1,1,13),(281,'eyJhbGciOiJIUzI1NiJ9.eyJjb3JyZW8iOiJhZG1pbkBkaC5jb20iLCJyb2wiOiJBRE1JTiIsInN1YiI6ImFkbWluQGRoLmNvbSIsImlhdCI6MTY4NTkyNTUzMiwiZXhwIjoxNjg1OTI5MTMyfQ.bfrz_lFOcfmid8eCUZUjgWgCO7ylhT1YAlZu71mERJ4',1,1,13),(282,'eyJhbGciOiJIUzI1NiJ9.eyJjb3JyZW8iOiJhZG1pbkBkaC5jb20iLCJyb2wiOiJBRE1JTiIsInN1YiI6ImFkbWluQGRoLmNvbSIsImlhdCI6MTY4NTkyNTU3OSwiZXhwIjoxNjg1OTI5MTc5fQ.ZESXU-zn6uOfvthz0cqULN7Vu6fRJHbgjfsnbqN4gTE',1,1,13),(283,'eyJhbGciOiJIUzI1NiJ9.eyJjb3JyZW8iOiJpdmlAZ21haWwuY29tIiwicm9sIjoiQ0xJRU5URSIsInN1YiI6Iml2aUBnbWFpbC5jb20iLCJpYXQiOjE2ODU5MjYzMDUsImV4cCI6MTY4NTkyOTkwNX0.5f6zTJzFXVD8HNLaWZeQzRFwdcWluvIGxZFrMSYA018',1,1,60),(284,'eyJhbGciOiJIUzI1NiJ9.eyJjb3JyZW8iOiJhZG1pbkBkaC5jb20iLCJyb2wiOiJBRE1JTiIsInN1YiI6ImFkbWluQGRoLmNvbSIsImlhdCI6MTY4NTkyNjMzNCwiZXhwIjoxNjg1OTI5OTM0fQ.ac306maweXLD2IP5wkcWzPKwNZLTQ-sTL16gchIf3mU',1,1,13),(285,'eyJhbGciOiJIUzI1NiJ9.eyJjb3JyZW8iOiJhZG1pbkBkaC5jb20iLCJyb2wiOiJBRE1JTiIsInN1YiI6ImFkbWluQGRoLmNvbSIsImlhdCI6MTY4NTkyNjM5MywiZXhwIjoxNjg1OTI5OTkzfQ.tNYeSN-PcCHPw1Dl3_WGmeUZUsPFfHJtvun2jiHuxGc',1,1,13),(286,'eyJhbGciOiJIUzI1NiJ9.eyJjb3JyZW8iOiJpdmlAZ21haWwuY29tIiwicm9sIjoiQ0xJRU5URSIsInN1YiI6Iml2aUBnbWFpbC5jb20iLCJpYXQiOjE2ODU5MjY0NTgsImV4cCI6MTY4NTkzMDA1OH0.heuuSFQPJWhyI0bpLHYQgPqVrQXqVPct0rPtj8rkMbo',1,1,60),(287,'eyJhbGciOiJIUzI1NiJ9.eyJjb3JyZW8iOiJhZG1pbkBkaC5jb20iLCJyb2wiOiJBRE1JTiIsInN1YiI6ImFkbWluQGRoLmNvbSIsImlhdCI6MTY4NTkyNjg3MiwiZXhwIjoxNjg1OTMwNDcyfQ.dypWJNESrqUX3zX77f5GH0fMLsd2vDX59OweEIatnhg',1,1,13),(288,'eyJhbGciOiJIUzI1NiJ9.eyJjb3JyZW8iOiJhZG1pbkBkaC5jb20iLCJyb2wiOiJBRE1JTiIsInN1YiI6ImFkbWluQGRoLmNvbSIsImlhdCI6MTY4NTkyNjk4MywiZXhwIjoxNjg1OTMwNTgzfQ.uB55q6b1BrxiqKSjBc6hvM9OQQFIlxyGH-IcYocD0h0',1,1,13),(289,'eyJhbGciOiJIUzI1NiJ9.eyJjb3JyZW8iOiJpdmlAZ21haWwuY29tIiwicm9sIjoiQ0xJRU5URSIsInN1YiI6Iml2aUBnbWFpbC5jb20iLCJpYXQiOjE2ODU5MjcwMDQsImV4cCI6MTY4NTkzMDYwNH0.3f9WiqvmtdmMyKK97O3dUixEJmENf3zbGtyO3fCrb9k',1,1,60),(290,'eyJhbGciOiJIUzI1NiJ9.eyJjb3JyZW8iOiJhZG1pbkBkaC5jb20iLCJyb2wiOiJBRE1JTiIsInN1YiI6ImFkbWluQGRoLmNvbSIsImlhdCI6MTY4NTkyNzExMCwiZXhwIjoxNjg1OTMwNzEwfQ.0uN8_GgyIudwHxU1IHZ1ba964QMRm_n5txojO58NoUg',1,1,13),(291,'eyJhbGciOiJIUzI1NiJ9.eyJjb3JyZW8iOiJpdmlAZ21haWwuY29tIiwicm9sIjoiQ0xJRU5URSIsInN1YiI6Iml2aUBnbWFpbC5jb20iLCJpYXQiOjE2ODU5MjcyMjQsImV4cCI6MTY4NTkzMDgyNH0.v_7nsUPp3cZu5e2XrI_yNBAfAqKvv5mkNeHZyT-oQ-I',1,1,60),(292,'eyJhbGciOiJIUzI1NiJ9.eyJjb3JyZW8iOiJhZG1pbkBkaC5jb20iLCJyb2wiOiJBRE1JTiIsInN1YiI6ImFkbWluQGRoLmNvbSIsImlhdCI6MTY4NTkyNzI1NCwiZXhwIjoxNjg1OTMwODU0fQ.L5FU1qNzVru3ZPAd6vbBfZSw_9gN6n_q92utO94bl3Q',1,1,13),(293,'eyJhbGciOiJIUzI1NiJ9.eyJjb3JyZW8iOiJhZG1pbkBkaC5jb20iLCJyb2wiOiJBRE1JTiIsInN1YiI6ImFkbWluQGRoLmNvbSIsImlhdCI6MTY4NTkyNzMwMSwiZXhwIjoxNjg1OTMwOTAxfQ.85S7--KDZf1MSCQCnSLBrqX6OVyJM8xyReCtBohm4X4',1,1,13),(294,'eyJhbGciOiJIUzI1NiJ9.eyJjb3JyZW8iOiJpdmlAZ21haWwuY29tIiwicm9sIjoiQ0xJRU5URSIsInN1YiI6Iml2aUBnbWFpbC5jb20iLCJpYXQiOjE2ODU5MjczMjUsImV4cCI6MTY4NTkzMDkyNX0.4JkjyK2s_N5tWbUPFqz9MZj98N7yGzLyA_W-35GcvHQ',1,1,60),(295,'eyJhbGciOiJIUzI1NiJ9.eyJjb3JyZW8iOiJhZG1pbkBkaC5jb20iLCJyb2wiOiJBRE1JTiIsInN1YiI6ImFkbWluQGRoLmNvbSIsImlhdCI6MTY4NTkyNzUyMCwiZXhwIjoxNjg1OTMxMTIwfQ.jV0HSGn95NXbVWHS7jWMc1iQNk5NlO53PJCh50Z1baE',1,1,13),(296,'eyJhbGciOiJIUzI1NiJ9.eyJjb3JyZW8iOiJpdmlAZ21haWwuY29tIiwicm9sIjoiQ0xJRU5URSIsInN1YiI6Iml2aUBnbWFpbC5jb20iLCJpYXQiOjE2ODU5MzA3ODcsImV4cCI6MTY4NTkzNDM4N30.D5fFW-B0J9WuyA9_9Jk-XpesOC4XazHGB1bjOfXetrk',1,1,60),(297,'eyJhbGciOiJIUzI1NiJ9.eyJjb3JyZW8iOiJhZG1pbkBkaC5jb20iLCJyb2wiOiJBRE1JTiIsInN1YiI6ImFkbWluQGRoLmNvbSIsImlhdCI6MTY4NTkzMTY4MCwiZXhwIjoxNjg1OTM1MjgwfQ.60ebXRAKd8trY4XKOoGxqN8BoCb8fDv2g5UiIMi9GYg',1,1,13),(298,'eyJhbGciOiJIUzI1NiJ9.eyJjb3JyZW8iOiJwcnVlYmFkaEB5b3BtYWlsLmNvbSIsInJvbCI6IkNMSUVOVEUiLCJzdWIiOiJwcnVlYmFkaEB5b3BtYWlsLmNvbSIsImlhdCI6MTY4NTkzOTE1OCwiZXhwIjoxNjg1OTQyNzU4fQ.DuQUd6hvsMy40jBlXUqkt0wgDPKfYFW17vpOo5j_LOc',0,0,64),(299,'eyJhbGciOiJIUzI1NiJ9.eyJjb3JyZW8iOiJhZG1pbjJAZGguY29tIiwicm9sIjoiQURNSU4iLCJzdWIiOiJhZG1pbjJAZGguY29tIiwiaWF0IjoxNjg2MDY2MTAzLCJleHAiOjE2ODYwNjk3MDN9.5RsYoQrQxbSroMwlysg5erEUjk875pumLrlGn0rq51o',0,0,69),(300,'eyJhbGciOiJIUzI1NiJ9.eyJjb3JyZW8iOiJhZG1pbkBkaC5jb20iLCJyb2wiOiJBRE1JTiIsInN1YiI6ImFkbWluQGRoLmNvbSIsImlhdCI6MTY4NjE4NDMwMywiZXhwIjoxNjg2MTg3OTAzfQ.J9kXkba4W0UAv4F-ojC66K0E4e4k5YwB_rm739SZXQw',1,1,13),(301,'eyJhbGciOiJIUzI1NiJ9.eyJjb3JyZW8iOiJhZG1pbkBkaC5jb20iLCJyb2wiOiJBRE1JTiIsInN1YiI6ImFkbWluQGRoLmNvbSIsImlhdCI6MTY4NjE4NDcyNiwiZXhwIjoxNjg2MTg4MzI2fQ.DCnpbeszbwfCFseGvGWDs7u2XeSr_ylpUk4YumVPdIo',1,1,13),(302,'eyJhbGciOiJIUzI1NiJ9.eyJjb3JyZW8iOiJhZG1pbkBkaC5jb20iLCJyb2wiOiJBRE1JTiIsInN1YiI6ImFkbWluQGRoLmNvbSIsImlhdCI6MTY4NjE4NDgxNiwiZXhwIjoxNjg2MTg4NDE2fQ.X-YjyaxY8WBx0jRrEQt0lA--QbWKighw1LgxRaDAoXg',1,1,13),(303,'eyJhbGciOiJIUzI1NiJ9.eyJjb3JyZW8iOiJpdmlAZ21haWwuY29tIiwicm9sIjoiQ0xJRU5URSIsInN1YiI6Iml2aUBnbWFpbC5jb20iLCJpYXQiOjE2ODYxODc4NzAsImV4cCI6MTY4NjE5MTQ3MH0.YBB4hyxlGt309gsys8TeYA_g8YFtax31vwLJoY2RWZg',1,1,60),(304,'eyJhbGciOiJIUzI1NiJ9.eyJjb3JyZW8iOiJhZG1pbkBkaC5jb20iLCJyb2wiOiJBRE1JTiIsInN1YiI6ImFkbWluQGRoLmNvbSIsImlhdCI6MTY4NjE4Nzk0MiwiZXhwIjoxNjg2MTkxNTQyfQ.fRgf_9ofjQqjYJ2MK2G9y1Ndfifbh8-YyAZleDmElNQ',1,1,13),(305,'eyJhbGciOiJIUzI1NiJ9.eyJjb3JyZW8iOiJhZG1pbkBkaC5jb20iLCJyb2wiOiJBRE1JTiIsInN1YiI6ImFkbWluQGRoLmNvbSIsImlhdCI6MTY4NjE4ODM3NCwiZXhwIjoxNjg2MTkxOTc0fQ.LWzsUom4dg7m7vw23MVpeyKziIAfr-Br1w_cEJUKW-I',1,1,13),(306,'eyJhbGciOiJIUzI1NiJ9.eyJjb3JyZW8iOiJhZG1pbkBkaC5jb20iLCJyb2wiOiJBRE1JTiIsInN1YiI6ImFkbWluQGRoLmNvbSIsImlhdCI6MTY4NjE4ODQ3MSwiZXhwIjoxNjg2MTkyMDcxfQ.bFCPxiNHqVjfWuehjd8B__MIzEKTXd6hLYUn4fgEQq8',1,1,13),(307,'eyJhbGciOiJIUzI1NiJ9.eyJjb3JyZW8iOiJhZG1pbkBkaC5jb20iLCJyb2wiOiJBRE1JTiIsInN1YiI6ImFkbWluQGRoLmNvbSIsImlhdCI6MTY4NjE5MDEwNCwiZXhwIjoxNjg2MTkzNzA0fQ.JRKmSb2VoMPy0AZwZbCNEOWm71Hfwse6bhEUBT60r1Q',1,1,13),(308,'eyJhbGciOiJIUzI1NiJ9.eyJjb3JyZW8iOiJhZG1pbkBkaC5jb20iLCJyb2wiOiJBRE1JTiIsInN1YiI6ImFkbWluQGRoLmNvbSIsImlhdCI6MTY4NjE5MDg2NiwiZXhwIjoxNjg2MTk0NDY2fQ.Yy8_-GqII4mOetTZCOadQnUjFNUooQPAD__8U_Ldwrw',1,1,13),(309,'eyJhbGciOiJIUzI1NiJ9.eyJjb3JyZW8iOiJhZG1pbkBkaC5jb20iLCJyb2wiOiJBRE1JTiIsInN1YiI6ImFkbWluQGRoLmNvbSIsImlhdCI6MTY4NjI2MjI4NywiZXhwIjoxNjg2MjY1ODg3fQ.Hu2LkUYb0m0HX_MyxFF886gspU5NLnkNQOVTzyBbs6I',1,1,13),(310,'eyJhbGciOiJIUzI1NiJ9.eyJjb3JyZW8iOiJhZG1pbkBkaC5jb20iLCJyb2wiOiJBRE1JTiIsInN1YiI6ImFkbWluQGRoLmNvbSIsImlhdCI6MTY4NjM2NTc0OCwiZXhwIjoxNjg2MzY5MzQ4fQ.Xa8E7cOFVqCuD15z-oGLRN8N_HGfPV9ZuoOrjOoHwD8',1,1,13),(311,'eyJhbGciOiJIUzI1NiJ9.eyJjb3JyZW8iOiJhZG1pbkBkaC5jb20iLCJyb2wiOiJBRE1JTiIsInN1YiI6ImFkbWluQGRoLmNvbSIsImlhdCI6MTY4NjM3Nzg2OCwiZXhwIjoxNjg2MzgxNDY4fQ.z0MoDpfKf4n_vuQWF_FPNpd_D-2rE-9im28m3M2WEss',1,1,13),(312,'eyJhbGciOiJIUzI1NiJ9.eyJjb3JyZW8iOiJhZG1pbkBkaC5jb20iLCJyb2wiOiJBRE1JTiIsInN1YiI6ImFkbWluQGRoLmNvbSIsImlhdCI6MTY4NjU5MjMxNSwiZXhwIjoxNjg2NTk1OTE1fQ.qRnbbKhKhGQZaDGSTShLFG_ofJ252g5Xiycz0u719f0',1,1,13),(313,'eyJhbGciOiJIUzI1NiJ9.eyJjb3JyZW8iOiJwcnVlYmFkaDNAeW9wbWFpbC5jb20iLCJyb2wiOiJDTElFTlRFIiwic3ViIjoicHJ1ZWJhZGgzQHlvcG1haWwuY29tIiwiaWF0IjoxNjg2NTkyNDkwLCJleHAiOjE2ODY1OTYwOTB9.B0J5_oxF7dH5Hv3PiH4XwdR8Xp-EggNCODmozlKHfeY',0,0,79),(314,'eyJhbGciOiJIUzI1NiJ9.eyJjb3JyZW8iOiJpdmlAZ21haWwuY29tIiwicm9sIjoiQ0xJRU5URSIsInN1YiI6Iml2aUBnbWFpbC5jb20iLCJpYXQiOjE2ODY1OTg1NTIsImV4cCI6MTY4NjYwMjE1Mn0.mICz8RjdeG8Z1jRKM9_xZDYPdJHMiTFrjgUxMFzm_OY',1,1,60),(315,'eyJhbGciOiJIUzI1NiJ9.eyJjb3JyZW8iOiJpdmlAZ21haWwuY29tIiwicm9sIjoiQ0xJRU5URSIsInN1YiI6Iml2aUBnbWFpbC5jb20iLCJpYXQiOjE2ODY1OTg4MDEsImV4cCI6MTY4NjYwMjQwMX0.hwC1_7z3BIr-0IzzF4GgBb7mGBhbwtSWNw2tenldp2k',1,1,60),(316,'eyJhbGciOiJIUzI1NiJ9.eyJjb3JyZW8iOiJpdmlAZ21haWwuY29tIiwicm9sIjoiQ0xJRU5URSIsInN1YiI6Iml2aUBnbWFpbC5jb20iLCJpYXQiOjE2ODY2MDI2NjYsImV4cCI6MTY4NjYwNjI2Nn0.T2T26StOpshek1iADKc-SQRinRS7jzyYSeS1N0jGauc',1,1,60),(317,'eyJhbGciOiJIUzI1NiJ9.eyJjb3JyZW8iOiJpdmlAZ21haWwuY29tIiwicm9sIjoiQ0xJRU5URSIsInN1YiI6Iml2aUBnbWFpbC5jb20iLCJpYXQiOjE2ODY2MDI3MDYsImV4cCI6MTY4NjYwNjMwNn0.vD2bC-6bzXbmOnGj46juYrXtkPKArON4-9jU7pb_rGA',1,1,60),(318,'eyJhbGciOiJIUzI1NiJ9.eyJjb3JyZW8iOiJhZG1pbkBkaC5jb20iLCJyb2wiOiJBRE1JTiIsInN1YiI6ImFkbWluQGRoLmNvbSIsImlhdCI6MTY4NjYwMjgyMCwiZXhwIjoxNjg2NjA2NDIwfQ.dH19nUcQuG1CkNh6ya6-XqcMElP4xYokMIdkWRsl06I',1,1,13),(319,'eyJhbGciOiJIUzI1NiJ9.eyJjb3JyZW8iOiJhZG1pbkBkaC5jb20iLCJyb2wiOiJBRE1JTiIsInN1YiI6ImFkbWluQGRoLmNvbSIsImlhdCI6MTY4NjYwMjkzMiwiZXhwIjoxNjg2NjA2NTMyfQ._OBh458Oeekf89EGdHX-SQBQqzDdVhXjL1hGVgeq_Vk',1,1,13),(320,'eyJhbGciOiJIUzI1NiJ9.eyJjb3JyZW8iOiJhZG1pbkBkaC5jb20iLCJyb2wiOiJBRE1JTiIsInN1YiI6ImFkbWluQGRoLmNvbSIsImlhdCI6MTY4NjYwMzA2MCwiZXhwIjoxNjg2NjA2NjYwfQ.rJgUBIC2CpOhZ9qzUoUCLrdD6ZlDHwXTLoBTnM7-s4A',1,1,13),(322,'eyJhbGciOiJIUzI1NiJ9.eyJjb3JyZW8iOiJhZG1pbkBkaC5jb20iLCJyb2wiOiJBRE1JTiIsInN1YiI6ImFkbWluQGRoLmNvbSIsImlhdCI6MTY4NjYxNzU2MSwiZXhwIjoxNjg2NjIxMTYxfQ.3m8Fw-r_huPVIoUr52Srfj6cB2i3sxUVNjL4yhYhUC0',1,1,13),(323,'eyJhbGciOiJIUzI1NiJ9.eyJjb3JyZW8iOiJhZG1pbkBkaC5jb20iLCJyb2wiOiJBRE1JTiIsInN1YiI6ImFkbWluQGRoLmNvbSIsImlhdCI6MTY4NjYxODUxNSwiZXhwIjoxNjg2NjIyMTE1fQ.YM4GSD0jKOKDIZhctNVtfzibU-1Kc7OQzkCa1omUJDI',1,1,13),(324,'eyJhbGciOiJIUzI1NiJ9.eyJjb3JyZW8iOiJhZG1pbkBkaC5jb20iLCJyb2wiOiJBRE1JTiIsInN1YiI6ImFkbWluQGRoLmNvbSIsImlhdCI6MTY4NjYxOTM0NCwiZXhwIjoxNjg2NjIyOTQ0fQ.AkOTdmJ1whpDxU0cKiMuHukVhHdDPMCZht0uFwst0FE',1,1,13),(325,'eyJhbGciOiJIUzI1NiJ9.eyJjb3JyZW8iOiJhZG1pbkBkaC5jb20iLCJyb2wiOiJBRE1JTiIsInN1YiI6ImFkbWluQGRoLmNvbSIsImlhdCI6MTY4NjYxOTM0NiwiZXhwIjoxNjg2NjIyOTQ2fQ.Ox-1BJmmyoyVHpcv9L0fG-QQHv8barfX8coIqRZCmh0',1,1,13),(326,'eyJhbGciOiJIUzI1NiJ9.eyJjb3JyZW8iOiJhZG1pbkBkaC5jb20iLCJyb2wiOiJBRE1JTiIsInN1YiI6ImFkbWluQGRoLmNvbSIsImlhdCI6MTY4NjYxOTM4MCwiZXhwIjoxNjg2NjIyOTgwfQ.LYr4aiM9Bjz0vU1eUggB6kcNsWJSNFcfLEFrxZEY40A',1,1,13),(327,'eyJhbGciOiJIUzI1NiJ9.eyJjb3JyZW8iOiJhZG1pbkBkaC5jb20iLCJyb2wiOiJBRE1JTiIsInN1YiI6ImFkbWluQGRoLmNvbSIsImlhdCI6MTY4NjYxOTM4MiwiZXhwIjoxNjg2NjIyOTgyfQ.qyq76AruhnIYTLjOFlvoSuv6b5VdBdqy5ZBPxmsIG7Y',1,1,13),(328,'eyJhbGciOiJIUzI1NiJ9.eyJjb3JyZW8iOiJhZG1pbkBkaC5jb20iLCJyb2wiOiJBRE1JTiIsInN1YiI6ImFkbWluQGRoLmNvbSIsImlhdCI6MTY4NjYxOTUxMiwiZXhwIjoxNjg2NjIzMTEyfQ.68xDM9itiZ6OY8vqxLXwPFZUOTrTW1VxMHfeHdUFtsw',1,1,13),(329,'eyJhbGciOiJIUzI1NiJ9.eyJjb3JyZW8iOiJhZG1pbkBkaC5jb20iLCJyb2wiOiJBRE1JTiIsInN1YiI6ImFkbWluQGRoLmNvbSIsImlhdCI6MTY4NjYxOTg2NiwiZXhwIjoxNjg2NjIzNDY2fQ.UaXMNPkwfR959QheXnqMqppkRfvXVo1DXRV3nUCzq9Q',1,1,13),(330,'eyJhbGciOiJIUzI1NiJ9.eyJjb3JyZW8iOiJhZG1pbkBkaC5jb20iLCJyb2wiOiJBRE1JTiIsInN1YiI6ImFkbWluQGRoLmNvbSIsImlhdCI6MTY4NjYxOTk4MCwiZXhwIjoxNjg2NjIzNTgwfQ.7xW_U5i8HrKgjgIurX4YvtAMjYsrpszvzSfZsCalSGI',1,1,13),(331,'eyJhbGciOiJIUzI1NiJ9.eyJjb3JyZW8iOiJhZG1pbkBkaC5jb20iLCJyb2wiOiJBRE1JTiIsInN1YiI6ImFkbWluQGRoLmNvbSIsImlhdCI6MTY4NjYxOTk4NCwiZXhwIjoxNjg2NjIzNTg0fQ.kJ7J6zKgT4S5L0nLNPKreQhIpbPHC1GoRzWajfBwK2Q',1,1,13),(332,'eyJhbGciOiJIUzI1NiJ9.eyJjb3JyZW8iOiJhZG1pbkBkaC5jb20iLCJyb2wiOiJBRE1JTiIsInN1YiI6ImFkbWluQGRoLmNvbSIsImlhdCI6MTY4NjYyMDAxOSwiZXhwIjoxNjg2NjIzNjE5fQ.E-r2_vGQLEYHE8VqUAXztYs5oPXokPugUENbiAz3894',1,1,13),(333,'eyJhbGciOiJIUzI1NiJ9.eyJjb3JyZW8iOiJhZG1pbkBkaC5jb20iLCJyb2wiOiJBRE1JTiIsInN1YiI6ImFkbWluQGRoLmNvbSIsImlhdCI6MTY4NjY5OTE1MiwiZXhwIjoxNjg2NzAyNzUyfQ.Z6_yeEnogiYFoAH8DkOoTpjWQ3yRL2X9CH89A-eEj1k',1,1,13),(334,'eyJhbGciOiJIUzI1NiJ9.eyJjb3JyZW8iOiJhZG1pbkBkaC5jb20iLCJyb2wiOiJBRE1JTiIsInN1YiI6ImFkbWluQGRoLmNvbSIsImlhdCI6MTY4NjcwMDE5MSwiZXhwIjoxNjg2NzAzNzkxfQ.qNBLZNRjn8SBTX3Z3T1YUwO4dbmIV0MKsb1tcIwJeDo',1,1,13),(336,'eyJhbGciOiJIUzI1NiJ9.eyJjb3JyZW8iOiJhZG1pbkBkaC5jb20iLCJyb2wiOiJBRE1JTiIsInN1YiI6ImFkbWluQGRoLmNvbSIsImlhdCI6MTY4NjcxODQ0MCwiZXhwIjoxNjg2NzIyMDQwfQ.9sS__LWE3okiw9UX7HVgAcTSfn_Sv6OdPjCnJJ9LNJ4',1,1,13),(337,'eyJhbGciOiJIUzI1NiJ9.eyJjb3JyZW8iOiJhZG1pbkBkaC5jb20iLCJyb2wiOiJBRE1JTiIsInN1YiI6ImFkbWluQGRoLmNvbSIsImlhdCI6MTY4NjcyODcyNSwiZXhwIjoxNjg2NzMyMzI1fQ.I0AfVd0_TGwffWwcV-yA6GR34ITNCtHovzkNfmd0uVs',1,1,13),(338,'eyJhbGciOiJIUzI1NiJ9.eyJjb3JyZW8iOiJpdmlAZ21haWwuY29tIiwicm9sIjoiQ0xJRU5URSIsInN1YiI6Iml2aUBnbWFpbC5jb20iLCJpYXQiOjE2ODY3NDQ4NDMsImV4cCI6MTY4Njc0ODQ0M30.fQAptTRmWJlW475Zglp3xDvPdSwJom2pGf7NvW2eslI',1,1,60),(339,'eyJhbGciOiJIUzI1NiJ9.eyJjb3JyZW8iOiJhZG1pbkBkaC5jb20iLCJyb2wiOiJBRE1JTiIsInN1YiI6ImFkbWluQGRoLmNvbSIsImlhdCI6MTY4Njc1ODg4MiwiZXhwIjoxNjg2NzYyNDgyfQ.iF3Nic4-zc6jTJah8mUwWm7agn503CFyk-wloH4sQn8',1,1,13),(340,'eyJhbGciOiJIUzI1NiJ9.eyJjb3JyZW8iOiJhZG1pbkBkaC5jb20iLCJyb2wiOiJBRE1JTiIsInN1YiI6ImFkbWluQGRoLmNvbSIsImlhdCI6MTY4Njc2NDg3NywiZXhwIjoxNjg2NzY4NDc3fQ.kJvtF2EM1hX-e5YxRbvRr_tU8aYHLwoBGL7mFQ5HPXo',1,1,13),(341,'eyJhbGciOiJIUzI1NiJ9.eyJjb3JyZW8iOiJhZG1pbkBkaC5jb20iLCJyb2wiOiJBRE1JTiIsInN1YiI6ImFkbWluQGRoLmNvbSIsImlhdCI6MTY4Njc3NTA2NCwiZXhwIjoxNjg2Nzc4NjY0fQ.lqukHNIdJnH2x17bU5HF4DXPah4rN_zIn976JKj_jfM',1,1,13),(342,'eyJhbGciOiJIUzI1NiJ9.eyJjb3JyZW8iOiJhZG1pbkBkaC5jb20iLCJyb2wiOiJBRE1JTiIsInN1YiI6ImFkbWluQGRoLmNvbSIsImlhdCI6MTY4Njc3ODMxOSwiZXhwIjoxNjg2NzgxOTE5fQ.ruJNx0nWJxX8JXVcs51mfLQv2CR39mLIobJjHLiN760',1,1,13),(343,'eyJhbGciOiJIUzI1NiJ9.eyJjb3JyZW8iOiJhZG1pbkBkaC5jb20iLCJyb2wiOiJBRE1JTiIsInN1YiI6ImFkbWluQGRoLmNvbSIsImlhdCI6MTY4Njc4NDQxMywiZXhwIjoxNjg2Nzg4MDEzfQ.vxg7cMWn_ygswcdpkzHODS-Me0AWNgFghzQKhLU0J_4',1,1,13),(344,'eyJhbGciOiJIUzI1NiJ9.eyJjb3JyZW8iOiJhZG1pbkBkaC5jb20iLCJyb2wiOiJBRE1JTiIsInN1YiI6ImFkbWluQGRoLmNvbSIsImlhdCI6MTY4Njc4NTc2NywiZXhwIjoxNjg2Nzg5MzY3fQ.l97Yw81IsPAfHUFlwHWHAhyYIt4hDGql93f-WTSbfSk',1,1,13),(345,'eyJhbGciOiJIUzI1NiJ9.eyJjb3JyZW8iOiJhZG1pbkBkaC5jb20iLCJyb2wiOiJBRE1JTiIsInN1YiI6ImFkbWluQGRoLmNvbSIsImlhdCI6MTY4Njc4NjUzMCwiZXhwIjoxNjg2NzkwMTMwfQ.1_DqdZemV2aX-2x2QFMbA4hanNOWWCrzoJ0ELhYhtuo',1,1,13),(346,'eyJhbGciOiJIUzI1NiJ9.eyJjb3JyZW8iOiJhZG1pbkBkaC5jb20iLCJyb2wiOiJBRE1JTiIsInN1YiI6ImFkbWluQGRoLmNvbSIsImlhdCI6MTY4Njc4NzMzOCwiZXhwIjoxNjg2NzkwOTM4fQ.GuqR_Vk8Q6hXlBP5EnoKg9TP2eYltA-_ks3RMaJ9Ops',1,1,13),(347,'eyJhbGciOiJIUzI1NiJ9.eyJjb3JyZW8iOiJhZG1pbkBkaC5jb20iLCJyb2wiOiJBRE1JTiIsInN1YiI6ImFkbWluQGRoLmNvbSIsImlhdCI6MTY4Njc5NzA4MSwiZXhwIjoxNjg2ODAwNjgxfQ.-V5QdaiJoKZVISyO0Xog4-ezn9Aoj_tzWVYFXr3tZEo',1,1,13),(348,'eyJhbGciOiJIUzI1NiJ9.eyJjb3JyZW8iOiJlbGlhbmFtdXJpMjEzQGdtYWlsLmNvbSIsInJvbCI6IkNMSUVOVEUiLCJzdWIiOiJlbGlhbmFtdXJpMjEzQGdtYWlsLmNvbSIsImlhdCI6MTY4NjgwMDUwMiwiZXhwIjoxNjg2ODA0MTAyfQ.r79FNZ50FL-VQVGYH5VnUj9YgkRmIp_tYufl5OFXc14',0,0,103),(349,'eyJhbGciOiJIUzI1NiJ9.eyJjb3JyZW8iOiJhZG1pbkBkaC5jb20iLCJyb2wiOiJBRE1JTiIsInN1YiI6ImFkbWluQGRoLmNvbSIsImlhdCI6MTY4NjgwMTEyMCwiZXhwIjoxNjg2ODA0NzIwfQ.G0Nr6JXK-nuFrV0zHw2PAwGDjqQwpq21CRLE_ftyFnU',1,1,13),(350,'eyJhbGciOiJIUzI1NiJ9.eyJjb3JyZW8iOiJhZG1pbkBkaC5jb20iLCJyb2wiOiJBRE1JTiIsInN1YiI6ImFkbWluQGRoLmNvbSIsImlhdCI6MTY4NjgwMTEyNCwiZXhwIjoxNjg2ODA0NzI0fQ.Ki09lcM-8X00Bqx4iYtr54ljuUhlWpae24aALFTmX7s',1,1,13),(351,'eyJhbGciOiJIUzI1NiJ9.eyJjb3JyZW8iOiJhZG1pbkBkaC5jb20iLCJyb2wiOiJBRE1JTiIsInN1YiI6ImFkbWluQGRoLmNvbSIsImlhdCI6MTY4NjgwNzUwMywiZXhwIjoxNjg2ODExMTAzfQ.RAe1filrNmQrXyS48B9rUs7bmmR2VKc8E_mkgz1voWg',1,1,13),(352,'eyJhbGciOiJIUzI1NiJ9.eyJjb3JyZW8iOiJhZG1pbkBkaC5jb20iLCJyb2wiOiJBRE1JTiIsInN1YiI6ImFkbWluQGRoLmNvbSIsImlhdCI6MTY4NjgwODM3MCwiZXhwIjoxNjg2ODExOTcwfQ.wQ_J7kNxTIrzpbidqMIfcr-CDwA93DsHveIP2rCwex8',1,1,13),(353,'eyJhbGciOiJIUzI1NiJ9.eyJjb3JyZW8iOiJhZG1pbkBkaC5jb20iLCJyb2wiOiJBRE1JTiIsInN1YiI6ImFkbWluQGRoLmNvbSIsImlhdCI6MTY4Njg0MDg0MCwiZXhwIjoxNjg2ODQ0NDQwfQ.CSwPLPf8DaezcBsRkFx16ls3k4HViUxi-96Dm7i-FPs',1,1,13),(354,'eyJhbGciOiJIUzI1NiJ9.eyJjb3JyZW8iOiJhZG1pbkBkaC5jb20iLCJyb2wiOiJBRE1JTiIsInN1YiI6ImFkbWluQGRoLmNvbSIsImlhdCI6MTY4Njg0MjA3OCwiZXhwIjoxNjg2ODQ1Njc4fQ.zIDcIy-QeoNOozc4vV3iHdHoaOynqGTAQviGQDSbkyI',1,1,13),(355,'eyJhbGciOiJIUzI1NiJ9.eyJjb3JyZW8iOiJhZG1pbkBkaC5jb20iLCJyb2wiOiJBRE1JTiIsInN1YiI6ImFkbWluQGRoLmNvbSIsImlhdCI6MTY4Njg0NTA1NiwiZXhwIjoxNjg2ODQ4NjU2fQ.oKn6CjYanbzahOH1f9jxOvHRkxEIC91AfyXXkMZt63k',1,1,13),(356,'eyJhbGciOiJIUzI1NiJ9.eyJjb3JyZW8iOiJhZG1pbkBkaC5jb20iLCJyb2wiOiJBRE1JTiIsInN1YiI6ImFkbWluQGRoLmNvbSIsImlhdCI6MTY4Njg0NTIzOSwiZXhwIjoxNjg2ODQ4ODM5fQ.HStsySDIeVCSLmUmRP_wdZChKu9N8f8_67FVUf7PmPo',1,1,13),(357,'eyJhbGciOiJIUzI1NiJ9.eyJjb3JyZW8iOiJhZG1pbkBkaC5jb20iLCJyb2wiOiJBRE1JTiIsInN1YiI6ImFkbWluQGRoLmNvbSIsImlhdCI6MTY4Njg0NTg2MywiZXhwIjoxNjg2ODQ5NDYzfQ.p6lKl-Gb7EG74zOUfOaUg8jrs66hJMwbypxr8CAuydI',1,1,13),(358,'eyJhbGciOiJIUzI1NiJ9.eyJjb3JyZW8iOiJhZG1pbkBkaC5jb20iLCJyb2wiOiJBRE1JTiIsInN1YiI6ImFkbWluQGRoLmNvbSIsImlhdCI6MTY4Njg0NTk0NCwiZXhwIjoxNjg2ODQ5NTQ0fQ.FUar0HAORus8reow284lRcd24sWYwJkcD3tWqiuUVKk',1,1,13),(359,'eyJhbGciOiJIUzI1NiJ9.eyJjb3JyZW8iOiJzb2xAZ21haWwuY29tIiwicm9sIjoiQ0xJRU5URSIsInN1YiI6InNvbEBnbWFpbC5jb20iLCJpYXQiOjE2ODY4NDYxMTUsImV4cCI6MTY4Njg0OTcxNX0.oLOCE6wGyJaHmU6BTD6A2D1sBdHyM5TTX_V2RJg4ASo',1,1,59),(360,'eyJhbGciOiJIUzI1NiJ9.eyJjb3JyZW8iOiJhZG1pbkBkaC5jb20iLCJyb2wiOiJBRE1JTiIsInN1YiI6ImFkbWluQGRoLmNvbSIsImlhdCI6MTY4Njg0NjI5MSwiZXhwIjoxNjg2ODQ5ODkxfQ.eFtuT6SkOAY881T4dgupPYlLQnOy597lFV9-ILvjZHY',1,1,13),(361,'eyJhbGciOiJIUzI1NiJ9.eyJjb3JyZW8iOiJhZG1pbkBkaC5jb20iLCJyb2wiOiJBRE1JTiIsInN1YiI6ImFkbWluQGRoLmNvbSIsImlhdCI6MTY4Njg0NjM3NSwiZXhwIjoxNjg2ODQ5OTc1fQ.CLiE6vCFy_cF_RC_k2eUFNvF9hn426kHEL_RGq79UvE',1,1,13),(362,'eyJhbGciOiJIUzI1NiJ9.eyJjb3JyZW8iOiJhZG1pbkBkaC5jb20iLCJyb2wiOiJBRE1JTiIsInN1YiI6ImFkbWluQGRoLmNvbSIsImlhdCI6MTY4Njg0NjQxNywiZXhwIjoxNjg2ODUwMDE3fQ.qf7OVwuRVHCfr5Jy6LZbge-xh3TYnR-4CQTLdYCGU68',1,1,13),(363,'eyJhbGciOiJIUzI1NiJ9.eyJjb3JyZW8iOiJzb2xAZ21haWwuY29tIiwicm9sIjoiQ0xJRU5URSIsInN1YiI6InNvbEBnbWFpbC5jb20iLCJpYXQiOjE2ODY4NDY0NTYsImV4cCI6MTY4Njg1MDA1Nn0.-ffLb4bfCPId8_TyW72_iVRIR6DPobO8oQWv0A1Ik4I',1,1,59),(364,'eyJhbGciOiJIUzI1NiJ9.eyJjb3JyZW8iOiJhZG1pbkBkaC5jb20iLCJyb2wiOiJBRE1JTiIsInN1YiI6ImFkbWluQGRoLmNvbSIsImlhdCI6MTY4Njg0NjQ5NiwiZXhwIjoxNjg2ODUwMDk2fQ.rWGS3wF6AKmhqAhRIbd1mh3IVNZ3n1niqNONAuz8yzE',1,1,13),(365,'eyJhbGciOiJIUzI1NiJ9.eyJjb3JyZW8iOiJhZG1pbkBkaC5jb20iLCJyb2wiOiJBRE1JTiIsInN1YiI6ImFkbWluQGRoLmNvbSIsImlhdCI6MTY4Njg0NjUyNywiZXhwIjoxNjg2ODUwMTI3fQ.H_xkGuenTskpBpHCsxXrz9EHUX3nQx-DFZMSzawsYgg',1,1,13),(366,'eyJhbGciOiJIUzI1NiJ9.eyJjb3JyZW8iOiJzb2xAZ21haWwuY29tIiwicm9sIjoiQ0xJRU5URSIsInN1YiI6InNvbEBnbWFpbC5jb20iLCJpYXQiOjE2ODY4NDY1ODEsImV4cCI6MTY4Njg1MDE4MX0.lwc-Jl8C3I8uNChQ5urodn2eFovLZXbTsS8rSy3TF5M',1,1,59),(367,'eyJhbGciOiJIUzI1NiJ9.eyJjb3JyZW8iOiJzb2xAZ21haWwuY29tIiwicm9sIjoiQ0xJRU5URSIsInN1YiI6InNvbEBnbWFpbC5jb20iLCJpYXQiOjE2ODY4NDY2NTUsImV4cCI6MTY4Njg1MDI1NX0.8Qt-_SODXO0g8gDQeFg0_iy4-BcZ_Wmujif12ue1MSs',1,1,59),(368,'eyJhbGciOiJIUzI1NiJ9.eyJjb3JyZW8iOiJhZG1pbkBkaC5jb20iLCJyb2wiOiJBRE1JTiIsInN1YiI6ImFkbWluQGRoLmNvbSIsImlhdCI6MTY4Njg0NjcwNiwiZXhwIjoxNjg2ODUwMzA2fQ.LJoilphNswidyCL-LqErZrGnAhgK7IOwXN2Sw0FW1mQ',1,1,13),(369,'eyJhbGciOiJIUzI1NiJ9.eyJjb3JyZW8iOiJhZG1pbkBkaC5jb20iLCJyb2wiOiJBRE1JTiIsInN1YiI6ImFkbWluQGRoLmNvbSIsImlhdCI6MTY4Njg0NjkzNCwiZXhwIjoxNjg2ODUwNTM0fQ.jJzDvYtlHsy6uDFFX4xxGUc-Cp6A0jvipbUYmZ8ofc4',1,1,13),(370,'eyJhbGciOiJIUzI1NiJ9.eyJjb3JyZW8iOiJhZG1pbkBkaC5jb20iLCJyb2wiOiJBRE1JTiIsInN1YiI6ImFkbWluQGRoLmNvbSIsImlhdCI6MTY4Njg0NzUzOSwiZXhwIjoxNjg2ODUxMTM5fQ.c90xz47K6o0URJVhktffnCoM5PerBy68kFZymgJ2tgA',1,1,13),(371,'eyJhbGciOiJIUzI1NiJ9.eyJjb3JyZW8iOiJzb2xAZ21haWwuY29tIiwicm9sIjoiQ0xJRU5URSIsInN1YiI6InNvbEBnbWFpbC5jb20iLCJpYXQiOjE2ODY4NDc2MjksImV4cCI6MTY4Njg1MTIyOX0.oS5R9Dzz6Z9gQXc_Qg8EQtgNq2uCnzSvL2JAlur9nRY',1,1,59),(372,'eyJhbGciOiJIUzI1NiJ9.eyJjb3JyZW8iOiJzb2xAZ21haWwuY29tIiwicm9sIjoiQ0xJRU5URSIsInN1YiI6InNvbEBnbWFpbC5jb20iLCJpYXQiOjE2ODY4NDc2OTMsImV4cCI6MTY4Njg1MTI5M30.E47G_gam95BrO0Ol_L02kzGiI0XsrGqS9gVgo2e3xeo',1,1,59),(373,'eyJhbGciOiJIUzI1NiJ9.eyJjb3JyZW8iOiJzb2xAZ21haWwuY29tIiwicm9sIjoiQ0xJRU5URSIsInN1YiI6InNvbEBnbWFpbC5jb20iLCJpYXQiOjE2ODY4NDg0NjQsImV4cCI6MTY4Njg1MjA2NH0.Rt6kG6zHTEdSE-FFIYTWfkFbSEFCmYpG2t5U0_HpD-c',1,1,59),(374,'eyJhbGciOiJIUzI1NiJ9.eyJjb3JyZW8iOiJzb2xAZ21haWwuY29tIiwicm9sIjoiQ0xJRU5URSIsInN1YiI6InNvbEBnbWFpbC5jb20iLCJpYXQiOjE2ODY4NDg1MTQsImV4cCI6MTY4Njg1MjExNH0.MKiaBO6FyhG4FHuJJ6ySUl67q6tf6VOEN7n_orQ-ULk',1,1,59),(375,'eyJhbGciOiJIUzI1NiJ9.eyJjb3JyZW8iOiJzb2xAZ21haWwuY29tIiwicm9sIjoiQ0xJRU5URSIsInN1YiI6InNvbEBnbWFpbC5jb20iLCJpYXQiOjE2ODY4NDg1MzksImV4cCI6MTY4Njg1MjEzOX0.9BIn3I5A4n-lEzPCO6g1su8owCN6AkVUC6vtiSef5NY',1,1,59),(376,'eyJhbGciOiJIUzI1NiJ9.eyJjb3JyZW8iOiJzb2xAZ21haWwuY29tIiwicm9sIjoiQ0xJRU5URSIsInN1YiI6InNvbEBnbWFpbC5jb20iLCJpYXQiOjE2ODY4NDkwMjUsImV4cCI6MTY4Njg1MjYyNX0.P-LQCKUbWn7wXCfKaQLDJ9JNr3ogc-VsyYFWVntfr7U',1,1,59),(377,'eyJhbGciOiJIUzI1NiJ9.eyJjb3JyZW8iOiJhZG1pbkBkaC5jb20iLCJyb2wiOiJBRE1JTiIsInN1YiI6ImFkbWluQGRoLmNvbSIsImlhdCI6MTY4Njg0OTIyNiwiZXhwIjoxNjg2ODUyODI2fQ.CTadAvoK_fmZc_icz7hK4V5RVrRHWjGFIlX4KiDQXCA',1,1,13),(378,'eyJhbGciOiJIUzI1NiJ9.eyJjb3JyZW8iOiJhZG1pbkBkaC5jb20iLCJyb2wiOiJBRE1JTiIsInN1YiI6ImFkbWluQGRoLmNvbSIsImlhdCI6MTY4Njg0OTM5OCwiZXhwIjoxNjg2ODUyOTk4fQ.I_Ho2-_QHDDpnDiaMtS4q0fW7ICR7tNcJbD5bKdTyTk',1,1,13),(379,'eyJhbGciOiJIUzI1NiJ9.eyJjb3JyZW8iOiJzb2xAZ21haWwuY29tIiwicm9sIjoiQ0xJRU5URSIsInN1YiI6InNvbEBnbWFpbC5jb20iLCJpYXQiOjE2ODY4NDk0MzEsImV4cCI6MTY4Njg1MzAzMX0.PNWo3fgR6MNZAqSdmTaxX9mF8viSWrT1AquoRWgKQKk',1,1,59),(380,'eyJhbGciOiJIUzI1NiJ9.eyJjb3JyZW8iOiJhZG1pbkBkaC5jb20iLCJyb2wiOiJBRE1JTiIsInN1YiI6ImFkbWluQGRoLmNvbSIsImlhdCI6MTY4Njg2MDM5NiwiZXhwIjoxNjg2ODYzOTk2fQ.W4e4yRmn1itpNYGKFThxNN20i-oqDMrCTtSwF5DjP7w',1,1,13),(381,'eyJhbGciOiJIUzI1NiJ9.eyJjb3JyZW8iOiJhZG1pbkBkaC5jb20iLCJyb2wiOiJBRE1JTiIsInN1YiI6ImFkbWluQGRoLmNvbSIsImlhdCI6MTY4Njg2MTkyNywiZXhwIjoxNjg2ODY1NTI3fQ.MVboo54z6bzIzFDf1OJnPh9yyisjThVIJeBc4cLnANk',1,1,13),(382,'eyJhbGciOiJIUzI1NiJ9.eyJjb3JyZW8iOiJwcnVlYmFkaDEzQHlvcG1haWwuY29tIiwicm9sIjoiQ0xJRU5URSIsInN1YiI6InBydWViYWRoMTNAeW9wbWFpbC5jb20iLCJpYXQiOjE2ODY4Njc1NTEsImV4cCI6MTY4Njg3MTE1MX0.F25La-ZEr8rXPI1EZZrzmZi_FvvDt81rf3j68NclFa8',0,0,114),(383,'eyJhbGciOiJIUzI1NiJ9.eyJjb3JyZW8iOiJhZG1pbkBkaC5jb20iLCJyb2wiOiJBRE1JTiIsInN1YiI6ImFkbWluQGRoLmNvbSIsImlhdCI6MTY4Njg2NzU5NSwiZXhwIjoxNjg2ODcxMTk1fQ.XCHoY34nBq9B4OVMKhuFo4F5OZcZkmbZiamRaVgCsz8',1,1,13),(384,'eyJhbGciOiJIUzI1NiJ9.eyJjb3JyZW8iOiJhZG1pbkBkaC5jb20iLCJyb2wiOiJBRE1JTiIsInN1YiI6ImFkbWluQGRoLmNvbSIsImlhdCI6MTY4Njg2OTQ0NSwiZXhwIjoxNjg2ODczMDQ1fQ.P8Hq3yP5Ys1CmMmkLqMJSHlaDb289vikrqHi9WTOBnE',1,1,13),(385,'eyJhbGciOiJIUzI1NiJ9.eyJjb3JyZW8iOiJhZG1pbkBkaC5jb20iLCJyb2wiOiJBRE1JTiIsInN1YiI6ImFkbWluQGRoLmNvbSIsImlhdCI6MTY4Njg3MTA3OSwiZXhwIjoxNjg2ODc0Njc5fQ.Px2STwm8jCRuDHRZllzbHKYqaB7sr-bsToipA_nfNxA',1,1,13),(386,'eyJhbGciOiJIUzI1NiJ9.eyJjb3JyZW8iOiJhZG1pbkBkaC5jb20iLCJyb2wiOiJBRE1JTiIsInN1YiI6ImFkbWluQGRoLmNvbSIsImlhdCI6MTY4Njg3ODYwOCwiZXhwIjoxNjg2ODgyMjA4fQ.hVoMnajYK1qC5FqRY1i57PQMTjSfwWPOHRU2x3FJLo0',1,1,13),(387,'eyJhbGciOiJIUzI1NiJ9.eyJjb3JyZW8iOiJhZG1pbkBkaC5jb20iLCJyb2wiOiJBRE1JTiIsInN1YiI6ImFkbWluQGRoLmNvbSIsImlhdCI6MTY4Njg4MTAwNSwiZXhwIjoxNjg2ODg0NjA1fQ.ewd67YL8CU9SbDMT6xVkVliTUZWpER8veX61Pj-F3eg',1,1,13),(388,'eyJhbGciOiJIUzI1NiJ9.eyJjb3JyZW8iOiJhZG1pbkBkaC5jb20iLCJyb2wiOiJBRE1JTiIsInN1YiI6ImFkbWluQGRoLmNvbSIsImlhdCI6MTY4Njg4MzQzMSwiZXhwIjoxNjg2ODg3MDMxfQ.6qgpOXldqRaTo6jSJyGuyOEJNKAqXSchE3eibXhk9QE',1,1,13),(389,'eyJhbGciOiJIUzI1NiJ9.eyJjb3JyZW8iOiJhZG1pbkBkaC5jb20iLCJyb2wiOiJBRE1JTiIsInN1YiI6ImFkbWluQGRoLmNvbSIsImlhdCI6MTY4NjkxMzM4MiwiZXhwIjoxNjg2OTE2OTgyfQ.6IO3ShXQhOOV2qbaYJJgk1rBwJfi0EmhnOwcDD6Vpck',1,1,13),(390,'eyJhbGciOiJIUzI1NiJ9.eyJjb3JyZW8iOiJzb2xAZ21haWwuY29tIiwicm9sIjoiQ0xJRU5URSIsInN1YiI6InNvbEBnbWFpbC5jb20iLCJpYXQiOjE2ODY5NjY1MTUsImV4cCI6MTY4Njk3MDExNX0.-CkyKMtew5trmYmMQFfW66vxnu2Q7d_gBnqIem1W0xI',1,1,59),(391,'eyJhbGciOiJIUzI1NiJ9.eyJjb3JyZW8iOiJhZG1pbkBkaC5jb20iLCJyb2wiOiJBRE1JTiIsInN1YiI6ImFkbWluQGRoLmNvbSIsImlhdCI6MTY4NzI3OTkzNCwiZXhwIjoxNjg3MjgzNTM0fQ.Ee9nXlNQDcwiLFSJRvmPfMN6JQh4o9KAAur9BLVV2Lw',1,1,13),(392,'eyJhbGciOiJIUzI1NiJ9.eyJjb3JyZW8iOiJzb2xAZ21haWwuY29tIiwicm9sIjoiQ0xJRU5URSIsInN1YiI6InNvbEBnbWFpbC5jb20iLCJpYXQiOjE2ODczNjQ5NjcsImV4cCI6MTY4NzM2ODU2N30.JK9Cggwa85q_nuBypwEHTIFTS0o_BeiQBpQSWYqHyaE',1,1,59),(393,'eyJhbGciOiJIUzI1NiJ9.eyJjb3JyZW8iOiJzb2xAZ21haWwuY29tIiwicm9sIjoiQ0xJRU5URSIsInN1YiI6InNvbEBnbWFpbC5jb20iLCJpYXQiOjE2ODczNzczMjUsImV4cCI6MTY4NzM4MDkyNX0._11FD-X3r7j2qkmcRTEE_U1EJOWHEJOWftWROTgTVpM',1,1,59),(394,'eyJhbGciOiJIUzI1NiJ9.eyJjb3JyZW8iOiJzb2xAZ21haWwuY29tIiwicm9sIjoiQ0xJRU5URSIsInN1YiI6InNvbEBnbWFpbC5jb20iLCJpYXQiOjE2ODczNzc3MzAsImV4cCI6MTY4NzM4MTMzMH0.W46eqt38sbovrd7LbUwzvAVejXoPM5q6SJqIMkL1FQI',1,1,59),(395,'eyJhbGciOiJIUzI1NiJ9.eyJjb3JyZW8iOiJzb2xAZ21haWwuY29tIiwicm9sIjoiQ0xJRU5URSIsInN1YiI6InNvbEBnbWFpbC5jb20iLCJpYXQiOjE2ODc0MDIwMTEsImV4cCI6MTY4NzQwNTYxMX0.h4EaXNEbvt8wOhumVourOlq7PzXR4LtCONXLnt5qbxA',1,1,59),(396,'eyJhbGciOiJIUzI1NiJ9.eyJjb3JyZW8iOiJzb2xAZ21haWwuY29tIiwicm9sIjoiQ0xJRU5URSIsInN1YiI6InNvbEBnbWFpbC5jb20iLCJpYXQiOjE2ODc0MDI2NDUsImV4cCI6MTY4NzQwNjI0NX0.ARoVhFqiQND914XxhaGxRVxLsMoWgY4x88EIZUicbTk',1,1,59),(397,'eyJhbGciOiJIUzI1NiJ9.eyJjb3JyZW8iOiJlbGlhbmFtdXJpMjEzQGdtYWlsLmNvbSIsInJvbCI6IkNMSUVOVEUiLCJzdWIiOiJlbGlhbmFtdXJpMjEzQGdtYWlsLmNvbSIsImlhdCI6MTY4NzQwNDA2MSwiZXhwIjoxNjg3NDA3NjYxfQ.1U_WTI3p7C_bspDr7hKpAAnrWK2nafqAwAJN2fjdN1o',1,1,121),(398,'eyJhbGciOiJIUzI1NiJ9.eyJjb3JyZW8iOiJhZG1pbkBkaC5jb20iLCJyb2wiOiJBRE1JTiIsInN1YiI6ImFkbWluQGRoLmNvbSIsImlhdCI6MTY4NzQ0NTQ3OSwiZXhwIjoxNjg3NDQ5MDc5fQ.J8bQTpwb20TGRkncFskVW2wFvt8MIzPpydT06y9ezxI',1,1,13),(399,'eyJhbGciOiJIUzI1NiJ9.eyJjb3JyZW8iOiJhZG1pbkBkaC5jb20iLCJyb2wiOiJBRE1JTiIsInN1YiI6ImFkbWluQGRoLmNvbSIsImlhdCI6MTY4NzQ0Njc0MSwiZXhwIjoxNjg3NDUwMzQxfQ.eg1OsPNfrmJWYq4ISQ-LLXw-btWt0NuxBKc4QxuQJZg',1,1,13),(400,'eyJhbGciOiJIUzI1NiJ9.eyJjb3JyZW8iOiJpdmlAZ21haWwuY29tIiwicm9sIjoiQ0xJRU5URSIsInN1YiI6Iml2aUBnbWFpbC5jb20iLCJpYXQiOjE2ODc0ODY1NzUsImV4cCI6MTY4NzQ5MDE3NX0.ufUvX1gIbHTBlIScnFwxKgkmfni2wRVCLmhC_33v_Fc',1,1,60),(401,'eyJhbGciOiJIUzI1NiJ9.eyJjb3JyZW8iOiJhZG1pbkBkaC5jb20iLCJyb2wiOiJBRE1JTiIsInN1YiI6ImFkbWluQGRoLmNvbSIsImlhdCI6MTY4NzQ4NjcyMCwiZXhwIjoxNjg3NDkwMzIwfQ.mJAaUuU8v08trgGXQ9xz2-wh8_sP5yHRv6oUuOBCYnk',1,1,13),(402,'eyJhbGciOiJIUzI1NiJ9.eyJjb3JyZW8iOiJhZG1pbkBkaC5jb20iLCJyb2wiOiJBRE1JTiIsInN1YiI6ImFkbWluQGRoLmNvbSIsImlhdCI6MTY4NzU2NzI3NCwiZXhwIjoxNjg3NTcwODc0fQ.FZ3FXxf-DnGvfM30x0KNREjEO2MZ-jX2RsG1YUrUIdE',1,1,13),(403,'eyJhbGciOiJIUzI1NiJ9.eyJjb3JyZW8iOiJ0YXJpbGlsOTM2QGJ5b3JieS5jb20iLCJyb2wiOiJDTElFTlRFIiwic3ViIjoidGFyaWxpbDkzNkBieW9yYnkuY29tIiwiaWF0IjoxNjg3NTcxMTI0LCJleHAiOjE2ODc1NzQ3MjR9.pXJhJQu-sgpMmcJE4b5DS9f8xf3dFHdsqF-H9tecHqw',0,0,128),(404,'eyJhbGciOiJIUzI1NiJ9.eyJjb3JyZW8iOiJzb2xAZ21haWwuY29tIiwicm9sIjoiQ0xJRU5URSIsInN1YiI6InNvbEBnbWFpbC5jb20iLCJpYXQiOjE2ODc1NzEyNzIsImV4cCI6MTY4NzU3NDg3Mn0.xBQQNlT2qSV_2ggfyuTRNBJUjKRsSX6VBIReagtMT2E',1,1,59),(405,'eyJhbGciOiJIUzI1NiJ9.eyJjb3JyZW8iOiJlbGlhbmFtdXJpMjEzQGdtYWlsLmNvbSIsInJvbCI6IkNMSUVOVEUiLCJzdWIiOiJlbGlhbmFtdXJpMjEzQGdtYWlsLmNvbSIsImlhdCI6MTY4NzU4NDcxNCwiZXhwIjoxNjg3NTg4MzE0fQ.nKq-BXZ31IXb-9qQwy_NyL7cH18ocfPNApgKFhkIu9U',1,1,121),(406,'eyJhbGciOiJIUzI1NiJ9.eyJjb3JyZW8iOiJlbGlhbmFtdXJpMjEzQGdtYWlsLmNvbSIsInJvbCI6IkNMSUVOVEUiLCJzdWIiOiJlbGlhbmFtdXJpMjEzQGdtYWlsLmNvbSIsImlhdCI6MTY4Nzc1Mzc5MSwiZXhwIjoxNjg3NzU3MzkxfQ.shILfU3F0Pw5JcM4HCbqjyBNjXhMdqz1Qes8yf9LQ7g',1,1,121),(407,'eyJhbGciOiJIUzI1NiJ9.eyJjb3JyZW8iOiJzb2xAZ21haWwuY29tIiwicm9sIjoiQ0xJRU5URSIsInN1YiI6InNvbEBnbWFpbC5jb20iLCJpYXQiOjE2ODc3OTIwODUsImV4cCI6MTY4Nzc5NTY4NX0.8FNm2Dt63G4PA97BetRLn4mLnKK2R26PM3c2fUKWQ6c',1,1,59),(408,'eyJhbGciOiJIUzI1NiJ9.eyJjb3JyZW8iOiJzb2xAZ21haWwuY29tIiwicm9sIjoiQ0xJRU5URSIsInN1YiI6InNvbEBnbWFpbC5jb20iLCJpYXQiOjE2ODc3OTU0NTksImV4cCI6MTY4Nzc5OTA1OX0.DUCzsD9d_gqr4AUWOusQ2DIyM6xfXdDkRslAS0LFhdc',1,1,59),(409,'eyJhbGciOiJIUzI1NiJ9.eyJjb3JyZW8iOiJhZG1pbkBkaC5jb20iLCJyb2wiOiJBRE1JTiIsInN1YiI6ImFkbWluQGRoLmNvbSIsImlhdCI6MTY4NzgwMzY1OCwiZXhwIjoxNjg3ODA3MjU4fQ.JxjGRBLVALzv6Yn2YCv1iAT9bSiJkeSwNwONcrR9-oo',1,1,13),(410,'eyJhbGciOiJIUzI1NiJ9.eyJjb3JyZW8iOiJhZG1pbkBkaC5jb20iLCJyb2wiOiJBRE1JTiIsInN1YiI6ImFkbWluQGRoLmNvbSIsImlhdCI6MTY4NzgyMTg0MSwiZXhwIjoxNjg3ODI1NDQxfQ.0hkI2fOGgNPAKAuEASee3kXGNG3TZR-bHaNdanMvkUU',1,1,13),(411,'eyJhbGciOiJIUzI1NiJ9.eyJjb3JyZW8iOiJzb2xAZ21haWwuY29tIiwicm9sIjoiQ0xJRU5URSIsInN1YiI6InNvbEBnbWFpbC5jb20iLCJpYXQiOjE2ODc4MjMwNzQsImV4cCI6MTY4NzgyNjY3NH0.D1l0UM7MBvzqXrKC-gXaqNt2ksT3TgEjygJNtYA6OxQ',1,1,59),(412,'eyJhbGciOiJIUzI1NiJ9.eyJjb3JyZW8iOiJhZG1pbkBkaC5jb20iLCJyb2wiOiJBRE1JTiIsInN1YiI6ImFkbWluQGRoLmNvbSIsImlhdCI6MTY4NzgyNDQ3OCwiZXhwIjoxNjg3ODI4MDc4fQ.eIK7_TL299bBC5sjpj0svt9bC_-5mQfUj7QZoBiBVmw',1,1,13),(413,'eyJhbGciOiJIUzI1NiJ9.eyJjb3JyZW8iOiJ0YXJlcmkyMTQ0QGZ1bHdhcmsuY29tIiwicm9sIjoiQ0xJRU5URSIsInN1YiI6InRhcmVyaTIxNDRAZnVsd2Fyay5jb20iLCJpYXQiOjE2ODc4MjQ5NDcsImV4cCI6MTY4NzgyODU0N30.obWO-jIr-atKSNeWOQbVYxKHxBIqP4-QiCGUHmX1iXw',0,0,135),(414,'eyJhbGciOiJIUzI1NiJ9.eyJjb3JyZW8iOiJzb2xAZ21haWwuY29tIiwicm9sIjoiQ0xJRU5URSIsInN1YiI6InNvbEBnbWFpbC5jb20iLCJpYXQiOjE2ODc4MjcxMjMsImV4cCI6MTY4NzgzMDcyM30.7qqB4urCt21xJ5rB6TLuBytKx5_bfQaveHIH00XjunM',1,1,59),(415,'eyJhbGciOiJIUzI1NiJ9.eyJjb3JyZW8iOiJpdmlAZ21haWwuY29tIiwicm9sIjoiQ0xJRU5URSIsInN1YiI6Iml2aUBnbWFpbC5jb20iLCJpYXQiOjE2ODc4Mjc0MTEsImV4cCI6MTY4NzgzMTAxMX0.xKOEiQ8257MHm1Ksi8SuAsqSmzebajdzGPnDPyj8nM8',1,1,60),(416,'eyJhbGciOiJIUzI1NiJ9.eyJjb3JyZW8iOiJlbGlhbmFtdXJpMjEzQGdtYWlsLmNvbSIsInJvbCI6IkNMSUVOVEUiLCJzdWIiOiJlbGlhbmFtdXJpMjEzQGdtYWlsLmNvbSIsImlhdCI6MTY4NzgyOTc3NCwiZXhwIjoxNjg3ODMzMzc0fQ.slkHsuYuddsDgWHqS8R00rfnPMycrdxLBE73TNb_sBs',1,1,121),(417,'eyJhbGciOiJIUzI1NiJ9.eyJjb3JyZW8iOiJlbGlhbmFtdXJpMjEzQGdtYWlsLmNvbSIsInJvbCI6IkNMSUVOVEUiLCJzdWIiOiJlbGlhbmFtdXJpMjEzQGdtYWlsLmNvbSIsImlhdCI6MTY4NzgzMDcxOCwiZXhwIjoxNjg3ODM0MzE4fQ.MnklmsoYSWQ73Tp48t9fRjJ2n7jK9gSi9kLfakQPv3o',0,0,121),(418,'eyJhbGciOiJIUzI1NiJ9.eyJjb3JyZW8iOiJpdmlAZ21haWwuY29tIiwicm9sIjoiQ0xJRU5URSIsInN1YiI6Iml2aUBnbWFpbC5jb20iLCJpYXQiOjE2ODc4MzEwNjMsImV4cCI6MTY4NzgzNDY2M30.nANdQ9vFULgtOxnAGh889hiOKt-UzwG47CdCPNAqV28',0,0,60),(419,'eyJhbGciOiJIUzI1NiJ9.eyJjb3JyZW8iOiJhZG1pbkBkaC5jb20iLCJyb2wiOiJBRE1JTiIsInN1YiI6ImFkbWluQGRoLmNvbSIsImlhdCI6MTY4NzgzMTU1MCwiZXhwIjoxNjg3ODM1MTUwfQ.TkN21h-YRtpFas48pD9PgBC4uCh6OztMeoKcTNE8LdE',1,1,13),(420,'eyJhbGciOiJIUzI1NiJ9.eyJjb3JyZW8iOiJzb2xAZ21haWwuY29tIiwicm9sIjoiQ0xJRU5URSIsInN1YiI6InNvbEBnbWFpbC5jb20iLCJpYXQiOjE2ODc4NzM1NTEsImV4cCI6MTY4Nzg3NzE1MX0.q-ZEXTWjgiyfEOozRE8g9IMLK5_fbhCIQDMozMiANV4',0,0,59),(421,'eyJhbGciOiJIUzI1NiJ9.eyJjb3JyZW8iOiJhZG1pbkBkaC5jb20iLCJyb2wiOiJBRE1JTiIsInN1YiI6ImFkbWluQGRoLmNvbSIsImlhdCI6MTY4Nzg4MDQ0NCwiZXhwIjoxNjg3ODg0MDQ0fQ.1yqRDBm3-ZJLeCMEw_qqkXo5miZg39dEwe-rH6p0hbA',1,1,13),(422,'eyJhbGciOiJIUzI1NiJ9.eyJjb3JyZW8iOiJhZG1pbkBkaC5jb20iLCJyb2wiOiJBRE1JTiIsInN1YiI6ImFkbWluQGRoLmNvbSIsImlhdCI6MTY4Nzg4NzM5NiwiZXhwIjoxNjg3ODkwOTk2fQ._nENAhglycGqWnJAFJCp2tD0cP74jbUYUZyaz91Zmn8',1,1,13),(423,'eyJhbGciOiJIUzI1NiJ9.eyJjb3JyZW8iOiJhZG1pbkBkaC5jb20iLCJyb2wiOiJBRE1JTiIsInN1YiI6ImFkbWluQGRoLmNvbSIsImlhdCI6MTY4NzkxODEzOCwiZXhwIjoxNjg3OTIxNzM4fQ.85SiSE2Gt2eKd-b7u1yu4ozvrSrMB5527Moj-gjzSFA',0,0,13);

DROP TABLE IF EXISTS valoraciones;
CREATE TABLE valoraciones (
  idValoracion int NOT NULL AUTO_INCREMENT,
  idProducto int NOT NULL,
  idUsuario int NOT NULL,
  valoracion int NOT NULL,
  comentario varchar(250) DEFAULT NULL,
  PRIMARY KEY (idValoracion),
  KEY idProductoValoraciones (idProducto),
  KEY idUsuario (idUsuario),
  CONSTRAINT valoraciones_ibfk_1 FOREIGN KEY (idProducto) REFERENCES productos (idProducto),
  CONSTRAINT valoraciones_ibfk_2 FOREIGN KEY (idUsuario) REFERENCES usuarios (idUsuario)
);
INSERT INTO valoraciones VALUES (76,56,59,4,NULL),(77,60,59,4,NULL),(78,66,59,4,NULL),(79,63,59,4,NULL),(80,61,59,4,NULL),(81,57,59,4,NULL),(82,70,59,4,NULL),(83,68,59,4,NULL),(84,69,59,4,NULL),(85,59,59,4,NULL),(86,62,59,4,NULL),(87,65,59,3,NULL),(88,64,59,4,NULL),(89,58,59,5,NULL),(90,67,59,4,NULL),(91,66,13,5,NULL),(92,59,13,5,NULL),(93,56,13,5,NULL);